0, 1.9290393438688263
2, 1.9300593668607438
4, 1.9272727036941084
5.999999999999993, 1.92165302888003
7.999999999999993, 1.9193514903177789
10, 1.9194591297387034
12, 1.9193557157710839
14, 1.9198221024772497
15.999999999999993, 1.9194337093908742
18.000000000000007, 1.914731499309397
19.999999999999993, 1.9026305289612926
21.999999999999993, 1.8937612382525628
23.999999999999993, 1.9057298095880304
25.999999999999993, 1.8810136982148675
27.999999999999986, 1.7939068865963745
30, 1.7536253384441889
31.999999999999986, 1.7673792050482375
33.999999999999986, 1.7699248235790557
36, 1.766428416220297
37.999999999999986, 1.767112669487613
40, 1.767459699007045
41.999999999999986, 1.7715507647235382
43.999999999999986, 1.7757833770798763
46, 1.7540896321639654
47.999999999999986, 1.723137654886195
50, 1.719080932037846
51.999999999999986, 1.722324872593319
53.999999999999986, 1.718627061298388
56, 1.716370118827269
58, 1.716697345420117
59.999999999999986, 1.7181843515767363
62, 1.7217784964194074
64, 1.726515285272646
65.99999999999999, 1.7309161101431618
67.99999999999999, 1.7376094243167157
69.99999999999999, 1.7446787131827424
71.99999999999999, 1.745319075735621
74, 1.7461121301106364
76, 1.7502484081085758
77.99999999999999, 1.7441631458760425
79.99999999999997, 1.7500527864038773
81.99999999999999, 1.7991300738936598
83.99999999999999, 1.8536243876106553
85.99999999999999, 1.8873903537134014
88, 1.9075880629011235
89.99999999999999, 1.9162245743868673
91.99999999999999, 1.9158273599470033
93.99999999999996, 1.9155768024618711
95.99999999999999, 1.915255775818942
97.99999999999996, 1.913023512053372
99.99999999999996, 1.9267271821322234
101.99999999999999, 1.9263010048408917
103.99999999999999, 1.8417752562984246
105.99999999999999, 1.760914315154929
107.99999999999996, 1.7633405659963841
109.99999999999999, 1.7789341759070265
111.99999999999996, 1.781353306212076
113.99999999999999, 1.783534565619147
115.99999999999996, 1.7803299425452812
117.99999999999996, 1.7814405085182536
119.99999999999993, 1.816127811614341
121.99999999999993, 1.8913814586981923
123.99999999999999, 1.9841272425233263
125.99999999999999, 2.0345414963681843
127.99999999999999, 2.0414441156212
130, 2.0423903249666266
131.99999999999994, 2.0532006408283485
134, 2.053230936216022
136, 2.0135310322977764
138, 2.092165724011715
139.99999999999994, 2.3361426701737007
142, 2.441934862255264
143.99999999999994, 2.40184657894959
146, 2.391518562778854
147.99999999999994, 2.402119635697575
150, 2.4002455816884622
151.99999999999994, 2.374115455143809
153.99999999999994, 2.3206051664635376
155.99999999999994, 2.2426297555847743
157.99999999999994, 2.151288015715881
160, 2.0850856256082944
161.99999999999994, 2.078783369691263
163.99999999999994, 2.090949752563087
166, 2.086634750634398
168, 2.063056698619824
170, 2.0515595019343262
171.99999999999994, 2.057544927896314
173.99999999999994, 2.0183996234290906
175.99999999999994, 1.964233373854252
177.99999999999994, 1.9610804920664562
179.99999999999994, 1.9637890435252623
182, 1.9488719147608806
183.99999999999994, 1.9421453304255467
186, 1.9500732549809616
187.99999999999994, 1.9618771635283438
190, 1.954996320136638
191.99999999999994, 1.964403674859691
193.99999999999994, 1.9940717740863005
195.99999999999994, 2.0315648213658726
198, 2.062926226597463
199.99999999999994, 2.076227952724866
201.99999999999994, 2.0638548087150355
204, 2.0630321272030403
206, 2.0624465651219324
208, 2.0637730021152683
209.99999999999994, 2.073908798821604
211.99999999999994, 2.076003619356725
213.99999999999994, 2.0753909420050407
215.99999999999994, 2.099094080354667
218, 2.1214893158270454
219.99999999999994, 2.1209046508647176
221.99999999999994, 2.1200152447671585
223.99999999999994, 2.1223607279310035
225.99999999999994, 2.1202175105919903
228, 2.120757297729411
229.99999999999994, 2.126858995095164
231.99999999999994, 2.133386761281368
233.99999999999994, 2.1363181319977107
235.99999999999994, 2.137161759379059
237.99999999999994, 2.1453643168746757
239.99999999999994, 2.1557019623869325
241.99999999999994, 2.157581691040251
243.99999999999994, 2.1556424397845855
246.00000000000006, 2.1498866747308627
248, 2.1386260704654436
249.99999999999994, 2.1601817123715077
252, 2.2201527331782795
254, 2.243645445963961
255.99999999999994, 2.2342806880867916
258, 2.2361651072745223
259.99999999999994, 2.243252138867875
261.99999999999994, 2.242707147783303
263.9999999999999, 2.233349327200945
266, 2.2596577181793713
268, 2.3284404604591757
270, 2.357416868873679
272, 2.367641721666357
274, 2.4169388685828452
275.99999999999994, 2.453785311169866
278, 2.4571126756054325
280, 2.45809894035543
281.99999999999994, 2.4670139125060535
284, 2.4704014457454
285.99999999999994, 2.4347070648744045
287.9999999999999, 2.405930931999756
289.99999999999994, 2.419791938002027
292, 2.3265709868061566
294, 2.1573524612132724
295.99999999999994, 2.1217566934717436
297.99999999999994, 2.14344204627357
299.99999999999994, 2.126200749947949
301.99999999999994, 2.11913700021612
303.99999999999994, 2.105648412970605
305.9999999999999, 2.0794862381430845
307.99999999999994, 2.2117621217973076
309.99999999999994, 2.444904887359757
312, 2.5092066149233156
313.99999999999994, 2.4816191665165532
316, 2.48269093070217
318, 2.48944889215797
320, 2.4846545941323246
321.9999999999999, 2.4742064564936777
323.99999999999994, 2.495455179715389
325.99999999999994, 2.5577879859922565
328, 2.6332367072678857
329.99999999999994, 2.6805076631816247
332, 2.685465350559478
334, 2.6853385157195553
336, 2.690384090118086
338, 2.689140739055398
339.99999999999994, 2.665974563647101
341.9999999999999, 2.6685232836691886
344, 2.7432644774368806
345.99999999999994, 2.6312120719178447
348, 2.4231929862006303
349.99999999999994, 2.18861897134496
351.9999999999999, 2.0038717847599914
353.99999999999994, 1.981865968149056
355.99999999999994, 2.045531304104931
358, 2.0244848820473953
360, 2.001477840195376
362, 2.029116207095556
363.99999999999994, 2.072439527096749
365.99999999999994, 2.121894002230304
367.9999999999999, 2.1658125996558275
369.99999999999994, 2.1926454104835824
371.99999999999994, 2.189676152993287
374, 2.186773978737548
375.99999999999994, 2.1887884564547657
377.99999999999994, 2.1861418603608325
379.99999999999994, 2.182922857385843
381.99999999999994, 2.203975153703806
383.99999999999994, 2.178001559094418
385.99999999999994, 2.0514759234856084
387.99999999999994, 1.9825837377845443
389.9999999999999, 1.9992641910093791
392, 1.9884864090530041
393.9999999999999, 1.9675255635303233
395.9999999999999, 1.9690668172744625
397.9999999999999, 1.9765877550842728
399.99999999999994, 1.9711428303630878
401.9999999999999, 1.9595723984617677
403.99999999999994, 2.014250748929289
406, 2.108412031460823
408.00000000000006, 2.1346794108542753
410, 2.12588911049942
411.99999999999994, 2.1278467490152275
414, 2.1316022981621288
416.00000000000006, 2.133515825588997
417.99999999999994, 2.134801399662401
419.9999999999999, 2.1338043116214607
422, 2.131982160401028
424, 2.1326192396048085
425.99999999999994, 2.1305800604045824
427.99999999999994, 2.1247418815308663
429.99999999999994, 2.1235864027742952
431.9999999999999, 2.1233870061903786
433.9999999999999, 2.118394782027654
435.99999999999994, 2.1171528452360255
437.99999999999994, 2.114918520550556
439.99999999999994, 2.1043958119640727
441.9999999999999, 2.1401857325978106
443.9999999999999, 2.2239883536095766
445.9999999999999, 2.2537999419805863
447.9999999999999, 2.2402273282893286
450, 2.239139623480901
452, 2.2437557849948964
454, 2.242172709673323
456, 2.2307212760560384
457.99999999999994, 2.219791231267161
460, 2.2199314746286336
461.9999999999999, 2.2334474166739575
463.99999999999994, 2.2466584578547932
465.99999999999994, 2.246808435958367
467.99999999999994, 2.2460674016185305
469.9999999999999, 2.248396876229521
471.99999999999994, 2.2479162476475767
473.99999999999994, 2.2470743649446265
475.99999999999994, 2.2465867867295874
477.99999999999994, 2.2419776365298043
480.00000000000006, 2.2444147617863672
482.00000000000006, 2.253273642878891
483.99999999999994, 2.2165759657054487
485.99999999999994, 2.1563207821833337
487.99999999999994, 2.147336956393564
489.99999999999994, 2.153700947769908
492.00000000000006, 2.1459755740015174
494.00000000000006, 2.151471067650724
495.99999999999994, 2.141056111306565
497.99999999999994, 2.0887101804619124
499.99999999999994, 2.060999983802001
501.99999999999994, 2.0684759831774002
503.99999999999994, 2.067277398397613
505.99999999999994, 2.0626027464703456
508.00000000000006, 2.0633621947333047
510.00000000000006, 2.0618629830456996
512, 2.0608824041278
513.9999999999999, 2.06479318173767
515.9999999999999, 2.066166946785955
518, 2.067205444416956
519.9999999999999, 2.0762342052917817
522, 2.0817543708543855
524, 2.0805003229530814
525.9999999999999, 2.0880951101809626
528, 2.0987363572268243
529.9999999999999, 2.099945702378884
531.9999999999999, 2.0937315109890884
533.9999999999999, 2.092748885777486
535.9999999999999, 2.103948512325597
537.9999999999999, 2.074452407807729
539.9999999999999, 2.003306758294203
541.9999999999999, 1.9805522713165549
543.9999999999999, 1.9917885133831699
545.9999999999999, 1.9890472635415901
547.9999999999998, 1.9859925930865872
550, 1.9842287570236028
552, 1.97596352569339
554, 1.9975971651760636
555.9999999999999, 2.049183672998989
557.9999999999999, 2.0675947748716355
560, 2.0670404621967102
561.9999999999999, 2.0812936983527623
564, 2.0882604486388594
566, 2.0866010569085867
567.9999999999999, 2.0928801606762253
570, 2.089518519941833
571.9999999999999, 2.087706249364017
573.9999999999999, 2.142532832441401
576, 2.206113912135411
577.9999999999999, 2.2252521057109367
579.9999999999999, 2.263540569806978
581.9999999999999, 2.3157983940673805
583.9999999999999, 2.322591012564641
585.9999999999999, 2.3140241301144853
587.9999999999999, 2.3139911560337625
589.9999999999999, 2.3053856468406386
591.9999999999999, 2.31150351647037
594, 2.3259216666584104
596, 2.2266372081141186
597.9999999999999, 2.0788341138436106
600, 2.059636159867493
601.9999999999999, 2.076019660624163
603.9999999999999, 2.0523490852987853
606, 2.039848818794073
608, 2.0417241268467388
609.9999999999999, 2.0424170727666904
611.9999999999999, 2.050202529507156
613.9999999999999, 2.077321717255946
616, 2.126952221372024
617.9999999999999, 2.16192299023208
620, 2.16560621342426
621.9999999999999, 2.163575957735267
623.9999999999999, 2.165456256810164
625.9999999999998, 2.1662954883425476
628, 2.1517811663437003
629.9999999999999, 2.1608221328882466
632, 2.24076184301903
633.9999999999999, 2.283313139170976
636, 2.272670370836329
638, 2.351878012480237
639.9999999999999, 2.444050039103579
641.9999999999999, 2.443052520235724
644, 2.434026288464768
646, 2.443099101667485
648, 2.440186319849942
649.9999999999999, 2.4567803422382504
651.9999999999999, 2.45807885219471
654, 2.3240525675700185
656, 2.1589779473144164
657.9999999999999, 2.0961153465093467
659.9999999999999, 2.0812258805195416
661.9999999999999, 2.078418962088045
663.9999999999999, 2.083139130002749
665.9999999999998, 2.0700097252626466
667.9999999999999, 2.0760675796614283
669.9999999999999, 2.2125661039574416
671.9999999999999, 2.4522139100173805
673.9999999999999, 2.6869619138470107
675.9999999999999, 2.7882482084586298
678, 2.779247574967432
680, 2.7774656700669693
681.9999999999999, 2.7799047155937266
684, 2.77858199272313
686, 2.7927939692449324
687.9999999999999, 2.7731067096196416
690, 2.6783762013338737
692, 2.561171577868637
693.9999999999999, 2.4751384184887213
695.9999999999999, 2.4489698083362685
698, 2.448657042869944
700, 2.4482560816067087
702, 2.452118000314928
703.9999999999999, 2.453703686917311
706, 2.4512778302355316
707.9999999999999, 2.4653664900745413
710, 2.4869857420007597
711.9999999999999, 2.490404299284712
713.9999999999999, 2.4848491078331274
715.9999999999998, 2.481677284367989
717.9999999999998, 2.482106679532943
719.9999999999999, 2.4787077212830018
722, 2.472817240048256
724, 2.487543498739148
726, 2.4603981179012653
728, 2.3974970459996015
730, 2.3183834135175125
732, 2.250108679316215
734, 2.2112250964717326
735.9999999999999, 2.2298139759793916
737.9999999999999, 2.2322959925960433
739.9999999999999, 2.22929708988512
742, 2.230676773574982
743.9999999999999, 2.2382042813375085
745.9999999999999, 2.2613216631474904
748, 2.2611478675430146
749.9999999999999, 2.1593926939110055
751.9999999999999, 2.0557189079028637
753.9999999999999, 2.047539132584139
755.9999999999999, 2.0575856685797724
757.9999999999999, 2.056555244610343
759.9999999999999, 2.0598230702355402
761.9999999999999, 2.049553126584869
764, 2.0506037746656887
766, 2.132312972220717
768, 2.2226466058229586
770, 2.2532291925832655
772, 2.2934033349545735
774, 2.3407399320919433
775.9999999999999, 2.3462282371912564
778, 2.337991533488664
779.9999999999999, 2.3375850575239228
781.9999999999999, 2.33661038148518
783.9999999999999, 2.33882788211315
786, 2.3497076151951104
787.9999999999999, 2.3652357408902547
789.9999999999999, 2.377493774068444
792, 2.3801989741880862
794, 2.3806115423162613
795.9999999999999, 2.384506901716762
798, 2.3899273868568383
799.9999999999998, 2.3815508866295105
801.9999999999999, 2.358104941935592
803.9999999999998, 2.3551115529185216
806, 2.352766186531139
807.9999999999999, 2.3118926877061994
809.9999999999999, 2.2826899543293893
811.9999999999999, 2.287835615167794
813.9999999999999, 2.294488456500874
815.9999999999998, 2.2948442645492158
817.9999999999999, 2.2941338018478707
819.9999999999998, 2.29987977892639
821.9999999999998, 2.3206214548874455
823.9999999999998, 2.3566995794317194
825.9999999999999, 2.377209613205497
828, 2.3741262696014362
829.9999999999998, 2.372220413684036
832, 2.373312905909285
833.9999999999999, 2.3686515694504853
836, 2.3519226804336224
838, 2.355046944700059
839.9999999999999, 2.3867650324514713
841.9999999999999, 2.2807842778853535
844, 2.0691878100557926
845.9999999999999, 2.0166477106876566
847.9999999999999, 2.049987712333855
849.9999999999999, 2.0388942196323767
851.9999999999999, 2.0267503077364
853.9999999999999, 2.0322167088028573
855.9999999999999, 2.0347663844829555
857.9999999999999, 1.9931061509450991
860, 1.9946758488865264
861.9999999999998, 2.103708899943237
864, 2.242640286010328
865.9999999999999, 2.3693325304092783
868, 2.4446790346060747
870, 2.4047081552670075
871.9999999999998, 2.402038505443934
873.9999999999999, 2.412106467360367
875.9999999999999, 2.4097423149038133
877.9999999999999, 2.420376857899619
879.9999999999998, 2.429666752444028
881.9999999999999, 2.4271878157841646
883.9999999999999, 2.440844361055045
886, 2.4615467941315776
887.9999999999998, 2.463323571722517
890.0000000000001, 2.4603277570914357
891.9999999999999, 2.4580659790790143
893.9999999999999, 2.44819756360411
895.9999999999999, 2.4619784381682894
898, 2.4745702864964945
899.9999999999998, 2.341146585668458
901.9999999999999, 2.1646221928371068
903.9999999999998, 2.1385900144725127
905.9999999999999, 2.1594825064175094
907.9999999999998, 2.15467007709372
909.9999999999999, 2.154374365424504
911.9999999999998, 2.1518563741531236
913.9999999999999, 2.1443010589949765
916, 2.1610685743315354
917.9999999999999, 2.1431913058702783
920, 2.029680472142986
921.9999999999999, 1.9582338089798894
924, 1.9727818029686575
925.9999999999999, 1.9787188037772725
928, 1.971619742017886
929.9999999999999, 1.9718058112612284
932, 1.9750630630824708
933.9999999999999, 1.975511371097421
936, 1.9736776239873424
937.9999999999999, 1.988614833470979
939.9999999999999, 2.028005818956996
941.9999999999999, 2.0792678655947454
944, 2.109777400351481
945.9999999999999, 2.1073664774478598
947.9999999999999, 2.1086589932554327
949.9999999999998, 2.114079930228811
951.9999999999999, 2.1100775805787126
953.9999999999999, 2.1257172301097067
955.9999999999998, 2.1567277475892492
958, 2.161804962153584
960, 2.1560310366592272
961.9999999999999, 2.1600926022014186
964, 2.1646536573689907
966, 2.1621468215827258
967.9999999999999, 2.1529979731408257
970, 2.15191008549231
971.9999999999999, 2.1452954672257185
974, 2.111394574113801
975.9999999999998, 2.179725331621399
978, 2.3758242011699084
979.9999999999999, 2.4542825436370035
982, 2.4235337213298815
983.9999999999999, 2.423518751152714
985.9999999999999, 2.434236749941619
987.9999999999998, 2.431743721937383
989.9999999999998, 2.426241669047373
991.9999999999998, 2.445689232846992
993.9999999999998, 2.4583155328203685
995.9999999999998, 2.334495426780828
997.9999999999998, 2.178164276124203
1000, 2.1604220639503913
1001.9999999999998, 2.17763855994935
1003.9999999999998, 2.167463665794189
1005.9999999999998, 2.163705360585718
1008, 2.164738204986209
1009.9999999999998, 2.162516185456963
1012, 2.1616724371862883
1013.9999999999998, 2.1486575489650486
1016, 2.130938612404061
1017.9999999999998, 2.110453552845445
1019.9999999999998, 2.093629278541619
1022, 2.085494063570305
1024, 2.0953922047318354
1026, 2.093399679577818
1027.9999999999998, 2.0533288543892696
1029.9999999999998, 2.0877597614694094
1031.9999999999998, 2.146421580399665
1033.9999999999998, 2.2218409439899673
1035.9999999999998, 2.301134311451198
1037.9999999999998, 2.3714181419942406
1040, 2.434984156459563
1042, 2.4216232397041852
1043.9999999999998, 2.401393905620196
1046, 2.405572372920229
1048, 2.3928163628924635
1050, 2.4211337248538247
1051.9999999999998, 2.4111530754064496
1054, 2.196148238272797
1055.9999999999998, 2.014054221823406
1057.9999999999998, 2.0293245692398894
1060, 2.0489635755446627
1062, 2.030359682991366
1063.9999999999998, 2.026632294601143
1066, 2.039380598172953
1067.9999999999998, 2.0355566318847784
1069.9999999999998, 1.9940281763563437
1071.9999999999998, 2.0931837347622144
1074, 2.3556831221681236
1075.9999999999998, 2.455913241165395
1077.9999999999998, 2.4151645434452793
1079.9999999999998, 2.411548872280995
1081.9999999999998, 2.413744531686999
1084, 2.3970725512108735
1086, 2.3848911765872756
1088, 2.4097144561222774
1090, 2.4656137732356314
1092, 2.4852989903239404
1093.9999999999998, 2.4769029000376706
1096, 2.4793633878543573
1097.9999999999998, 2.481607231143657
1099.9999999999998, 2.480056252529524
1102, 2.4834326146655985
1103.9999999999998, 2.4778330147691046
1105.9999999999998, 2.476460640048957
1107.9999999999998, 2.52871745030882
1110, 2.464259152120696
1111.9999999999998, 2.1557522391651083
1113.9999999999998, 1.9640899149976712
1116, 1.9842448635709111
1117.9999999999998, 2.0007487330834834
1120, 1.9923065408492149
1121.9999999999998, 1.9919665094593657
1123.9999999999998, 2.005614744260664
1126, 1.9998043156302996
1127.9999999999998, 1.9753400516162996
1130, 2.081695138351463
1131.9999999999998, 2.263017695567986
1134, 2.297522099239915
1136, 2.26708762464565
1137.9999999999998, 2.2714932511844306
1139.9999999999998, 2.277406199716417
1142, 2.273938766184311
1143.9999999999998, 2.277378540579654
1146, 2.3224439159243215
1147.9999999999998, 2.39258857420562
1150, 2.430840680283119
1151.9999999999998, 2.4403160772703494
1153.9999999999998, 2.4402957120138655
1156, 2.4422222858901863
1158, 2.439265857336017
1159.9999999999998, 2.427161887371268
1161.9999999999998, 2.433549114794115
1163.9999999999998, 2.429925006305556
1165.9999999999998, 2.355727441930465
1167.9999999999998, 2.282265533741454
1169.9999999999998, 2.2326137950434495
1172, 2.10542951729002
1174, 1.9818726664614046
1176, 1.9749054558968298
1178, 1.9916164178333358
1179.9999999999998, 1.9857561497912988
1181.9999999999998, 1.9829950136863836
1184, 1.9843050947124812
1185.9999999999998, 1.9843331246866858
1188, 1.9816495736581143
1190, 1.9779807896669044
1191.9999999999998, 1.9768532056823966
1193.9999999999998, 1.9820207228958548
1196, 1.9879180335092979
1197.9999999999998, 1.9857134612888845
1199.9999999999998, 1.9924439337170508
1201.9999999999998, 1.992879186182884
1203.9999999999998, 1.935607963468315
1205.9999999999998, 2.0113501432345844
1207.9999999999998, 2.340803829187345
1209.9999999999998, 2.5181571775291514
1212, 2.470049475109658
1214, 2.45440625542416
1216, 2.470623086218751
1217.9999999999998, 2.4725814558412917
1219.9999999999998, 2.4705024841640393
1221.9999999999998, 2.4690056403763796
1224, 2.467345491971593
1226, 2.465487807061118
1228, 2.4662283693697233
1230, 2.4726219270611383
1232, 2.47735972987513
1234, 2.476765335543521
1235.9999999999998, 2.477844078756726
1238, 2.491621293155514
1239.9999999999998, 2.528972551011502
1242, 2.593997456247624
1244, 2.6517104019675575
1246, 2.6548845039972893
1247.9999999999998, 2.6580106529457495
1250, 2.6902665802968033
1251.9999999999998, 2.702668028135073
1254, 2.6919702179649567
1256, 2.6842007277704045
1258, 2.7056220957752495
1260, 2.694010884862222
1261.9999999999998, 2.633822015743759
1263.9999999999998, 2.5571965913240384
1266, 2.490561315610644
1267.9999999999998, 2.4571865928090886
1269.9999999999998, 2.4814821240310114
1272, 2.4801840961011656
1273.9999999999998, 2.4741001975284074
1275.9999999999998, 2.4759618144827997
1277.9999999999998, 2.472942221715997
1280, 2.4430801990522246
1281.9999999999998, 2.3808417120281784
1283.9999999999998, 2.309535509541021
1285.9999999999998, 2.2637753931916973
1288, 2.2612735004236177
1289.9999999999998, 2.2669187578402097
1291.9999999999998, 2.266312132578957
1293.9999999999998, 2.267184748465419
1296, 2.264514029238268
1298, 2.264321227234479
1300, 2.2886079361877907
1301.9999999999998, 2.3126461984085687
1303.9999999999998, 2.3112201847530995
1306, 2.3163616612147075
1307.9999999999998, 2.3317014457478416
1309.9999999999998, 2.334958861108559
1311.9999999999998, 2.3301353916299155
1314, 2.3257689490341495
1315.9999999999998, 2.324409187595865
1318, 2.3158263443686584
1319.9999999999998, 2.294150998224641
1321.9999999999998, 2.2784613144135655
1323.9999999999998, 2.2745571957272595
1326, 2.2745880524684323
1327.9999999999998, 2.274099082768645
1330, 2.272173255736996
1331.9999999999998, 2.271200718054512
1334, 2.272065162098752
1335.9999999999998, 2.275073351571933
1337.9999999999998, 2.280568768339499
1340, 2.2776879298329473
1341.9999999999998, 2.254603666975842
1344, 2.2357639148621393
1345.9999999999998, 2.2377284108526467
1348, 2.249529837985955
1350, 2.239369275652698
1352, 2.2206491934490127
1353.9999999999998, 2.3231234904333338
1355.9999999999998, 2.454355838214825
1358, 2.4165684693192873
1360, 2.404724822518731
1361.9999999999998, 2.527473742083066
1363.9999999999998, 2.636873521537369
1365.9999999999998, 2.6688677496542925
1367.9999999999998, 2.6558238554714784
1369.9999999999998, 2.7216564389075053
1371.9999999999998, 2.6760286319990625
1373.9999999999998, 2.485775368889251
1376, 2.243005615240106
1377.9999999999998, 2.0369322886671775
1379.9999999999998, 1.950066113188073
1382, 2.035594713303173
1383.9999999999998, 2.0194328952978973
1385.9999999999998, 1.994587218172677
1387.9999999999998, 2.0002679751830295
1390, 1.9994970418282445
1391.9999999999998, 2.0131935329810124
1393.9999999999998, 2.019243031608384
1395.9999999999998, 1.954642253320099
1397.9999999999998, 2.053023503270047
1399.9999999999998, 2.425695146977025
1402, 2.606085101124555
1404, 2.5493835508779656
1406, 2.5394517833032313
1407.9999999999998, 2.5601973151463495
1410, 2.557568638865855
1411.9999999999995, 2.5411668909208864
1414, 2.573133511791133
1415.9999999999998, 2.6135097179319855
1417.9999999999998, 2.3699105263968443
1419.9999999999998, 2.0156028396045347
1422, 1.9664413790873287
1423.9999999999998, 2.02161581191904
1425.9999999999998, 2.012441033395981
1427.9999999999998, 2.0120326197438976
1430, 2.0073727540289616
1432, 1.9922763282450497
1434, 2.0251200020157967
1435.9999999999998, 2.0627884289371767
1437.9999999999998, 2.106642465439033
1439.9999999999998, 2.1495009507800336
1442, 2.184182724218852
1443.9999999999998, 2.210287561633372
1445.9999999999998, 2.1841782406569084
1448, 2.1712544798216413
1449.9999999999998, 2.181246157644397
1452, 2.1730407350115843
1453.9999999999998, 2.1431501654949896
1456, 2.1044320222591084
1457.9999999999995, 2.070908649214434
1460, 2.0527106017140313
1462, 2.0599621930374763
1464, 2.056559732411803
1465.9999999999998, 2.061020817405997
1467.9999999999998, 2.0563841153769347
1470, 2.0135865801103963
1471.9999999999998, 1.9847641282454052
1474, 1.9897449695122174
1475.9999999999998, 1.987603627465273
1478, 1.9802504342511702
1479.9999999999998, 1.98056430376986
1482, 1.9806839506873362
1484, 1.975568618882032
1485.9999999999998, 1.9693357574404633
1487.9999999999998, 1.9838750811697976
1490, 1.9910878460672397
1491.9999999999998, 1.9344532710768458
1494, 2.0388909975724108
1495.9999999999998, 2.3926701747687606
1498, 2.5576415749805603
1499.9999999999998, 2.508259623851774
1502, 2.500646779137904
1503.9999999999998, 2.5022994164970025
1506, 2.4921128349323314
1507.9999999999998, 2.5397942517057603
1509.9999999999998, 2.633549413815943
1511.9999999999998, 2.7223032357780865
1513.9999999999998, 2.7560309678516584
1516, 2.7501730655071026
1517.9999999999995, 2.752244592811464
1520, 2.750635023941524
1521.9999999999998, 2.7564920058738642
1524, 2.7992892172567485
1525.9999999999998, 2.743464023694199
1527.9999999999998, 2.630784090417324
1529.9999999999995, 2.500028165765501
1532, 2.3973065943078242
1533.9999999999998, 2.3699876173602736
1536, 2.4058474875390816
1537.9999999999998, 2.3995760265437966
1540, 2.397407035815754
1541.9999999999998, 2.400905268006245
1543.9999999999998, 2.3998667388940915
1545.9999999999995, 2.4052891830146796
1547.9999999999998, 2.413104399745407
1549.9999999999998, 2.4126757560784706
1552, 2.415552786837029
1554, 2.424293142462091
1555.9999999999998, 2.426651170942671
1558, 2.425069725761883
1559.9999999999995, 2.4232608306852277
1561.9999999999998, 2.415979802856088
1563.9999999999998, 2.4190770038324194
1565.9999999999998, 2.4327668995425693
1567.9999999999998, 2.3484528824884277
1569.9999999999998, 2.194309981882906
1571.9999999999998, 2.154410436838806
1574, 2.1757212757251008
1575.9999999999998, 2.1655398325494946
1578, 2.15340304419437
1579.9999999999995, 2.159994920655425
1581.9999999999998, 2.1787912244923873
1583.9999999999998, 2.168132455837289
1585.9999999999998, 2.1679491018991843
1587.9999999999998, 2.2869802180433045
1589.9999999999998, 2.3990289932643027
1591.9999999999998, 2.3938971619521183
1593.9999999999998, 2.379005850801817
1595.9999999999998, 2.385789735727296
1598, 2.3849502054127116
1600, 2.3820317246743903
1601.9999999999998, 2.3796829693124666
1604, 2.370400841248817
1606, 2.362682424423086
1607.9999999999998, 2.3632352464056
1609.9999999999998, 2.36292982205985
1611.9999999999998, 2.3608542403337975
1614, 2.3605792633617617
1615.9999999999998, 2.3575354448957797
1617.9999999999998, 2.354903461317313
1619.9999999999998, 2.3610892192381265
1622, 2.34834691981012
1623.9999999999998, 2.308178711145689
1625.9999999999998, 2.2928776086028053
1628, 2.3008784385062047
1629.9999999999998, 2.3002802653721037
1631.9999999999995, 2.296563523854296
1633.9999999999995, 2.2962976150279664
1635.9999999999995, 2.298132316298874
1638.0000000000002, 2.301617506140001
1639.9999999999998, 2.306059862749898
1641.9999999999998, 2.3097419256004637
1643.9999999999998, 2.316206316858632
1645.9999999999998, 2.327970959148944
1648, 2.332460686825476
1649.9999999999995, 2.331461643455431
1652, 2.3421596470931023
1653.9999999999998, 2.3551707405881817
1656, 2.355993028463703
1657.9999999999998, 2.34327718565054
1659.9999999999998, 2.35054549884483
1662, 2.380557653560535
1664.0000000000002, 2.267749993907775
1665.9999999999998, 2.0577850223282725
1667.9999999999998, 2.0128652507699876
1669.9999999999998, 2.050208982369827
1672, 2.0435739597001468
1673.9999999999995, 2.03552806529643
1675.9999999999998, 2.03578361707933
1677.9999999999998, 2.0309150717915685
1679.9999999999998, 2.0431652303458394
1682, 2.1199348278093044
1683.9999999999998, 2.21372821904913
1685.9999999999998, 2.310143280505157
1687.9999999999998, 2.3912971627210475
1690, 2.4376003183781476
1691.9999999999998, 2.408192759729071
1693.9999999999995, 2.3983498334194846
1696, 2.4172477734073
1698, 2.4131882682664614
1699.9999999999998, 2.3180386177054837
1701.9999999999998, 2.210194772357453
1703.9999999999998, 2.1657746940364615
1706, 2.157485184941176
1707.9999999999995, 2.1610680156804065
1709.9999999999998, 2.164291813737279
1711.9999999999998, 2.1646179254249582
1714, 2.162475625811743
1715.9999999999995, 2.1599451015713136
1717.9999999999995, 2.1620701668823226
1719.9999999999998, 2.1633979513599426
1722, 2.1412056057785263
1724, 2.112691026845259
1725.9999999999998, 2.108844578590542
1727.9999999999998, 2.1206356955284065
1730, 2.131472322076807
1731.9999999999998, 2.130358400752988
1733.9999999999998, 2.1354507259766486
1735.9999999999998, 2.1422698585378317
1737.9999999999998, 2.1033468795883805
1740, 2.1406227575924057
1741.9999999999995, 2.2447389786339573
1743.9999999999998, 2.3735957702950357
1745.9999999999995, 2.4796830209041616
1747.9999999999998, 2.5215475453695353
1749.9999999999998, 2.478144894667696
1751.9999999999995, 2.4783302044511997
1753.9999999999995, 2.4902549106951875
1755.9999999999998, 2.480681094633868
1757.9999999999995, 2.4453990486021846
1759.9999999999998, 2.436202991823969
1762, 2.4378063014029494
1764, 2.3790530696207015
1766, 2.3268832496617327
1767.9999999999995, 2.331587652618352
1769.9999999999998, 2.3338915253266066
1771.9999999999998, 2.3329657762718745
1774, 2.342921683196114
1775.9999999999998, 2.316574399670369
1777.9999999999998, 2.2764916803369055
1779.9999999999998, 2.2346849289422575
1782, 2.2033522375226697
1783.9999999999998, 2.210018084611901
1785.9999999999995, 2.221154975174551
1787.9999999999998, 2.219435794144816
1789.9999999999998, 2.2185531477476053
1791.9999999999998, 2.2219130792727477
1793.9999999999998, 2.2263370699388427
1795.9999999999995, 2.22620905658104
1797.9999999999998, 2.2277304213473874
1799.9999999999995, 2.233622528023661
1801.9999999999995, 2.2349383054259464
1804, 2.2350480384270472
1805.9999999999998, 2.2418537460910857
1807.9999999999995, 2.2524143424652414
1809.9999999999998, 2.2515296116393433
1812, 2.2224451821035505
1814.0000000000002, 2.194878773852594
1816, 2.188940582459236
1817.9999999999995, 2.1839005336675674
1819.9999999999995, 2.1766061455294787
1822, 2.173584937139027
1824, 2.1727003456819878
1825.9999999999998, 2.1729363148689727
1828, 2.1756042056055214
1829.9999999999998, 2.179958725904744
1832, 2.180698762929553
1833.9999999999995, 2.1682735978658947
1835.9999999999998, 2.1544216833040775
1838, 2.1540361282841367
1840, 2.1550609633073794
1841.9999999999995, 2.1526611208710205
1843.9999999999998, 2.152387876302389
1845.9999999999998, 2.1522107790774547
1848, 2.1510191436730244
1849.9999999999995, 2.1506307272944927
1851.9999999999998, 2.124016164305275
1854, 2.056694823264966
1856, 2.0151512638923172
1857.9999999999998, 2.015012353971567
1859.9999999999995, 2.016070984865263
1861.9999999999998, 2.0157415251012822
1864, 2.0179478224516494
1866, 2.017225440499109
1867.9999999999998, 2.0188391189326325
1870, 2.026837934280569
1871.9999999999998, 2.024927552870364
1874, 2.0299842783074125
1875.9999999999998, 2.077068605623554
1878, 2.1153795808725264
1879.9999999999998, 2.1130743356658694
1882, 2.110211595615161
1883.9999999999998, 2.1181102786178294
1885.9999999999995, 2.1227952022466834
1887.9999999999998, 2.0992088615475213
1889.9999999999998, 2.1091750573091863
1891.9999999999995, 2.24653771756363
1893.9999999999995, 2.3464834347280332
1896, 2.3369508787419124
1897.9999999999998, 2.3994177496274447
1899.9999999999998, 2.4913974065835855
1901.9999999999998, 2.4968741563946075
1904, 2.472542282284451
1905.9999999999998, 2.4671261215619174
1908, 2.480593313668917
1909.9999999999995, 2.4469047047525763
1911.9999999999998, 2.358771535327846
1913.9999999999998, 2.3201416472986067
1915.9999999999998, 2.322513078854583
1917.9999999999998, 2.312443111872038
1919.9999999999995, 2.296327622511225
1922, 2.285830286652696
1924, 2.2843485472451297
1925.9999999999998, 2.277495276729525
1927.9999999999998, 2.271517658641015
1930, 2.2987147887026147
1931.9999999999998, 2.261056056881899
1933.9999999999995, 2.093946475086054
1935.9999999999995, 2.0047868458597016
1937.9999999999998, 2.0288805540499464
1939.9999999999998, 2.032192813017509
1941.9999999999998, 2.0214107248670388
1943.9999999999998, 2.02274088384726
1946, 2.024657959018562
1948, 2.0233309950840206
1950.0000000000002, 2.0188538220471632
1951.9999999999995, 2.0067587353995986
1953.9999999999998, 1.9914612859465277
1955.9999999999998, 1.9845143831528786
1958, 1.9897058634718126
1959.9999999999995, 1.9915920461655163
1961.9999999999995, 1.962199716055114
1964, 1.9883419416256525
1966, 2.1581508313300413
1967.9999999999993, 2.4008746514253394
1969.9999999999995, 2.5891883568421354
1971.9999999999998, 2.617423453400532
1974, 2.6096474778614116
1975.9999999999995, 2.6512417957766488
1977.9999999999998, 2.674224902100076
1979.9999999999998, 2.661895175213904
1981.9999999999998, 2.6498311955790146
1984, 2.709516235274516
1985.9999999999995, 2.6786977326480264
1987.9999999999995, 2.5179036104434265
1990, 2.312955895820973
1992.0000000000002, 2.1343192047863235
1993.9999999999995, 2.0428917440982755
1995.9999999999998, 2.1062521911774885
1997.9999999999998, 2.1043197233889774
2000, 2.087485907399262
2001.9999999999995, 2.095524013562475
2003.9999999999998, 2.1089801120761726
2006, 2.0772868384582317
2007.9999999999998, 2.0673249309097828
2009.9999999999998, 2.281701555564733
2011.9999999999995, 2.5149959582284507
2013.9999999999995, 2.521033008649039
2016, 2.4820554389785094
2017.9999999999995, 2.5017024891179407
2019.9999999999995, 2.53787227143616
2021.9999999999995, 2.486842566678258
2023.9999999999995, 2.4009822657528646
2025.9999999999995, 2.3061189359263228
2027.9999999999995, 2.229257819056353
2030, 2.217478878972003
2032, 2.2348888766134265
2034, 2.229448597952148
2035.9999999999995, 2.229930881220797
2037.9999999999995, 2.2262482178610545
2040, 2.2136576694096792
2041.9999999999995, 2.209381690522198
2044, 2.2118514254726667
2046, 2.2133612018842608
2047.9999999999995, 2.2157437376160387
2049.9999999999995, 2.2144394888182566
2052, 2.2027063963392908
2053.9999999999995, 2.1930926371387223
2055.9999999999995, 2.1921978778960027
2058, 2.191181885728968
2059.999999999999, 2.185400806462107
2061.9999999999995, 2.181378773629992
2064, 2.2013134327096235
2066, 2.1849522938994865
2068, 2.054380566255344
2069.9999999999995, 1.9592353396818563
2071.9999999999995, 1.9724653474030702
2073.9999999999995, 1.9845474832705128
2076, 1.9770923715868232
2078, 1.9753422027828544
2079.9999999999995, 1.9860933934290936
2081.9999999999995, 1.9962085427535163
2083.9999999999995, 1.9915577789702827
2085.9999999999995, 2.0133122214728605
2087.9999999999995, 2.063670841176564
2090, 2.079652198945104
2092, 2.0700199818271656
2093.9999999999995, 2.069473950104779
2096, 2.0847560474034346
2098, 2.080566297999653
2100, 2.0409442341328354
2101.9999999999995, 2.1569381096453695
2103.9999999999995, 2.412939854518564
2105.9999999999995, 2.4871160004165285
2107.9999999999995, 2.4471970011699646
2110, 2.460688881523097
2111.9999999999995, 2.47552476992382
2114, 2.470658837892396
2116, 2.4698230924681477
2118, 2.473510575962435
2119.9999999999995, 2.4735036528836543
2122, 2.4612151616786386
2124, 2.4485902280853784
2126, 2.4471608782187984
2127.9999999999995, 2.4458604181355854
2129.9999999999995, 2.440487078983722
2132, 2.4359731148699555
2134, 2.4413520398168473
2136, 2.4423223057871457
2137.9999999999995, 2.402555878010551
2139.9999999999995, 2.364035286742282
2142, 2.3661980915286023
2143.9999999999995, 2.3617744529906077
2146, 2.3458787130534686
2148, 2.3454254305997693
2150, 2.3431946457982527
2151.9999999999995, 2.340207461881565
2154, 2.3620100079365707
2155.9999999999995, 2.3251397562948752
2158, 2.1929273206138946
2160, 2.135880027551922
2161.9999999999995, 2.1620701138589453
2163.9999999999995, 2.1621665846271876
2166, 2.150585639089438
2167.9999999999995, 2.149509259709417
2169.9999999999995, 2.150256317064108
2171.9999999999995, 2.1495023225446888
2174, 2.1482901573213207
2176, 2.1494154867622486
2177.9999999999995, 2.14838455288509
2179.9999999999995, 2.139347183915671
2182, 2.1336877482281675
2183.9999999999995, 2.1347470454501427
2185.9999999999995, 2.1319698188533978
2187.9999999999995, 2.129100232132891
2189.9999999999995, 2.1300335038597553
2192, 2.1255583217094616
2194, 2.126552482601123
2196, 2.140296541616894
2198, 2.0977478507147356
2199.9999999999995, 2.011620585893011
2202, 2.000505028744391
2203.9999999999995, 2.0270973774510765
2205.9999999999995, 2.0247782513598587
2207.9999999999995, 2.0165911272253103
2210, 2.0013831089259666
2212, 1.9783340743904088
2213.9999999999995, 2.0482705660942724
2215.9999999999995, 2.1895182771930237
2218, 2.2267824116011385
2219.9999999999995, 2.2046497753128236
2221.9999999999995, 2.211960543763781
2223.9999999999995, 2.2201741226099494
2226, 2.216861357805877
2227.9999999999995, 2.213127192864745
2229.9999999999995, 2.220146080141751
2232, 2.2147646823412233
2234, 2.163547439420209
2235.9999999999995, 2.2563610327234978
2237.9999999999995, 2.5584391032313385
2239.9999999999995, 2.6960033458367056
2242, 2.6520940208155075
2244, 2.6464280121572195
2246, 2.6515838010820483
2248, 2.6492060347618915
2250, 2.6810566768443453
2252, 2.6390400210615415
2253.999999999999, 2.550516956836196
2255.9999999999995, 2.4473618747372656
2258, 2.3664022726307614
2259.9999999999995, 2.346203534410566
2261.9999999999995, 2.375058893628656
2264, 2.3644653358826884
2266, 2.3481215092960674
2268, 2.3653992882677812
2269.9999999999995, 2.3849390258330962
2271.9999999999995, 2.250558057788038
2274, 2.060597097258519
2276, 2.021505904976477
2278, 2.029703499158886
2280, 2.0110848045937075
2281.9999999999995, 2.0060955204137505
2284, 2.008192405969059
2286, 1.995385123552192
2287.9999999999995, 1.9650616320372198
2289.9999999999995, 1.988180000398342
2292, 2.123521181483367
2294, 2.2084050450938966
2296, 2.191277608923993
2297.9999999999995, 2.1929362240642325
2300, 2.209667940406227
2302, 2.2092746256548335
2303.9999999999995, 2.211424699516317
2306, 2.2199966995082487
2307.9999999999995, 2.22517808497171
2310, 2.22386512107636
2311.9999999999995, 2.2287294006314062
2313.9999999999995, 2.26097784810638
2315.9999999999995, 2.289223526770211
2318, 2.2879373403382135
2319.9999999999995, 2.2841019324923435
2322, 2.285538676702264
2323.9999999999995, 2.285330739571825
2326, 2.2863252800120515
2328, 2.286136984795513
2330, 2.2794052761616777
2331.9999999999995, 2.296843840081538
2334, 2.346293149662406
2335.9999999999995, 2.3675226385365473
2337.9999999999995, 2.362141408792477
2340, 2.365739212194659
2341.9999999999995, 2.366888461335159
2344, 2.3703438529918412
2345.9999999999995, 2.3937540875508385
2348, 2.3444824798864268
2349.9999999999995, 2.1959749053662714
2352, 2.1205623331812076
2353.9999999999995, 2.126934922193387
2355.9999999999995, 2.1247452622702503
2357.9999999999995, 2.1165246303473766
2360, 2.1180821668621603
2361.999999999999, 2.131356804913656
2363.9999999999995, 2.12261323461268
2365.9999999999995, 2.10951763311243
2367.9999999999995, 2.2163831618686882
2370, 2.3559229913698383
2371.9999999999995, 2.367515973580106
2373.9999999999995, 2.345638077571202
2375.9999999999995, 2.3536570384476585
2378, 2.362855589359678
2379.9999999999995, 2.367336416476537
2381.9999999999995, 2.368062796949542
2384, 2.360947986449828
2386, 2.3663634473411626
2387.9999999999995, 2.386092956366419
2390, 2.3104280142125813
2392, 2.1695359276580413
2394, 2.13693661323585
2396, 2.160833458657023
2397.9999999999995, 2.158996947740067
2399.9999999999995, 2.1553618208989587
2402, 2.1566186198089556
2403.999999999999, 2.1570513653971393
2405.9999999999995, 2.171935570656524
2408, 2.20878252857435
2409.9999999999995, 2.257865746213955
2411.9999999999995, 2.286043477813059
2413.9999999999995, 2.280188514235222
2415.9999999999995, 2.2765815129488622
2418, 2.2769320923118865
2420, 2.271605111200213
2421.9999999999995, 2.294178504128359
2423.9999999999995, 2.287400341543148
2426, 2.1343763032045344
2428, 2.00143113550717
2429.9999999999995, 2.011026135000239
2432, 2.0231025825636304
2433.9999999999995, 2.0077590099843556
2436, 2.0066682326357945
2437.9999999999995, 2.0087567403239612
2439.9999999999995, 2.0082434004577476
2441.9999999999995, 2.0176208066671393
2443.9999999999995, 2.0550166204737184
2445.9999999999995, 2.112753310846446
2448, 2.138584824540325
2449.9999999999995, 2.1357511789030705
2451.9999999999995, 2.135722275701074
2454, 2.1391888780607764
2455.9999999999995, 2.1415174171162743
2457.9999999999995, 2.1405716240288597
2459.9999999999995, 2.1431578566672984
2461.9999999999995, 2.1516751219497596
2463.9999999999995, 2.1558018286047154
2466, 2.153554249529745
2468, 2.1489733505823514
2470, 2.145965650028778
2471.9999999999995, 2.14453223919057
2473.9999999999995, 2.142360124727141
2476, 2.146684053904338
2477.9999999999995, 2.14910526028578
2479.9999999999995, 2.119429189958457
2481.9999999999995, 2.154254919150796
2483.9999999999995, 2.3368119199668422
2486, 2.4709295523516497
2487.999999999999, 2.4885247819668064
2490, 2.4937998578799254
2491.9999999999995, 2.502671788517188
2494, 2.502876852749749
2496, 2.493203532788331
2498, 2.487209767135876
2500, 2.49202621330413
2501.9999999999995, 2.471986794889984
2503.9999999999995, 2.434726500743118
2505.9999999999995, 2.428315605786813
2507.9999999999995, 2.434225737313702
2509.9999999999995, 2.4313000852896836
2512, 2.432507871274559
2513.9999999999995, 2.4297829821259165
2515.9999999999995, 2.4213395228913237
2518, 2.464715894931346
2520, 2.5398678959087477
2521.9999999999995, 2.5665330255390084
2524, 2.623188720020153
2525.9999999999995, 2.7405567748778923
2528, 2.7886723850566
2529.9999999999995, 2.7800109697433806
2532, 2.784357463342841
2533.9999999999995, 2.7664267985498587
2536, 2.7617499380859916
2538, 2.829352734586653
2539.9999999999995, 2.6738777639892906
2541.9999999999995, 2.253581305432826
2544, 2.096545281663455
2546, 2.161933005504475
2547.999999999999, 2.1590810687929007
2550, 2.136508978486421
2551.9999999999995, 2.1426886823195153
2554, 2.158006834975771
2555.9999999999995, 2.1316431098042767
2557.9999999999995, 2.112688966733679
2559.9999999999995, 2.2953877767951054
2561.9999999999995, 2.5142549510147782
2563.9999999999995, 2.528101685072868
2565.9999999999995, 2.4978309390097864
2567.9999999999995, 2.51036632854576
2570, 2.51685224120874
2572, 2.5075399754868726
2573.9999999999995, 2.5044644948563985
2576, 2.541774569342247
2578, 2.4973601601118105
2580, 2.2844496499391305
2581.9999999999995, 2.163285710600453
2583.9999999999995, 2.1918918814795405
2585.9999999999995, 2.2046106439184596
2588, 2.195170446231985
2589.9999999999995, 2.1922613196910077
2591.9999999999995, 2.192613105556617
2594, 2.1920654493287017
2595.9999999999995, 2.191640395382202
2597.999999999999, 2.201942678983591
2600, 2.1978027607028694
2602, 2.139020121785992
2603.9999999999995, 2.0899521982451175
2605.9999999999995, 2.094089167264301
2607.9999999999995, 2.1099600609488096
2609.9999999999995, 2.1171328324027625
2611.9999999999995, 2.116174375711416
2613.9999999999995, 2.1207731477483724
2616, 2.134478171834307
2617.9999999999995, 2.149908859443113
2619.9999999999995, 2.163408277501512
2622, 2.1743583165640246
2624, 2.1841964576006863
2625.9999999999995, 2.1880220457337556
2627.9999999999995, 2.182609466924137
2630, 2.1787861757997318
2631.9999999999995, 2.1798271264548115
2634, 2.1802270524655407
2635.9999999999995, 2.1769913161052035
2637.9999999999995, 2.171405335330504
2639.9999999999995, 2.1693740998060966
2641.9999999999995, 2.170525085901944
2643.9999999999995, 2.1715934083462787
2645.9999999999995, 2.1715922332561517
2647.9999999999995, 2.174018293931093
2649.9999999999995, 2.1845170914993886
2652, 2.200539637644278
2653.9999999999995, 2.202285044196617
2655.9999999999995, 2.164111616315189
2657.9999999999995, 2.2145627531957746
2659.9999999999995, 2.4318417793075224
2662, 2.5489172049614086
2664, 2.5168657160562784
2665.9999999999995, 2.5055954589325866
2667.9999999999995, 2.529705357354818
2670, 2.5332366334702345
2672, 2.4457514664219113
2673.9999999999995, 2.3541342989062373
2676, 2.3551994457743426
2677.9999999999995, 2.353150532223503
2679.9999999999995, 2.3236529022973955
2681.9999999999995, 2.3197312741620655
2683.9999999999995, 2.321036411281802
2686, 2.3050931355372333
2688, 2.282958308956495
2689.999999999999, 2.286295403561835
2691.9999999999995, 2.302008842196888
2693.9999999999995, 2.1876678797430102
2695.9999999999995, 2.010527121399879
2697.9999999999995, 1.9790100402484505
2699.9999999999995, 2.0018111024212955
2702, 1.9881319425090018
2704, 1.9788768910553998
2706, 1.9854879669740086
2707.9999999999995, 1.9941189942038453
2710, 1.9830886127514324
2712, 1.989717802113933
2714, 2.071417181230454
2716, 2.1344700295565966
2717.9999999999995, 2.1268095168201095
2719.9999999999995, 2.1167205029122282
2722, 2.1185711564609866
2723.9999999999995, 2.1189118677621908
2725.9999999999995, 2.117214961429262
2727.9999999999995, 2.1205216117828236
2729.9999999999995, 2.136469567034447
2732, 2.153703081396849
2733.999999999999, 2.165001992217896
2735.9999999999995, 2.1757526912567253
2738, 2.179571898381978
2739.9999999999995, 2.176060302990752
2741.9999999999995, 2.192892713467219
2743.9999999999995, 2.2027396928562992
2745.9999999999995, 2.1712476140581805
2747.9999999999995, 2.258803090947569
2749.9999999999995, 2.4682994277038497
2751.9999999999995, 2.5332398909780465
2754, 2.496413080718971
2756, 2.4976162546496896
2757.9999999999995, 2.5071671945502265
2759.9999999999995, 2.5088400363041004
2762, 2.51262192076757
2764, 2.496528415085686
2765.9999999999995, 2.477414077173014
2767.9999999999995, 2.514727124671991
2770, 2.455807583718762
2772, 2.2105740849986
2774, 2.0861941260147105
2776, 2.121232241222901
2777.9999999999995, 2.1248851413100724
2780, 2.111407433118792
2781.9999999999995, 2.11372167849462
2783.9999999999995, 2.1115932115884464
2785.9999999999995, 2.1108255683948283
2788, 2.1152584898978133
2789.9999999999995, 2.091439692232381
2791.9999999999995, 2.0544343490051986
2793.9999999999995, 2.0491157910583935
2795.9999999999995, 2.055131732705614
2798, 2.0549435771430433
2799.9999999999995, 2.05777811421562
2801.9999999999995, 2.0548489212760215
2804, 2.048281405842505
2806, 2.0847321543655637
2807.9999999999995, 2.1380935892570623
2810, 2.1427775196480674
2811.9999999999995, 2.1420664614896183
2814, 2.159890424546033
2815.9999999999995, 2.160264576085402
2817.9999999999995, 2.165715346517083
2819.9999999999995, 2.1890622147318544
2821.9999999999995, 2.1604091789196955
2823.9999999999995, 2.1828985817338795
2825.9999999999995, 2.410698522131244
2827.9999999999995, 2.5839077683282468
2829.9999999999995, 2.5739340176568906
2831.9999999999995, 2.560975373052456
2833.9999999999995, 2.5728976662226826
2836, 2.575290783099271
2837.9999999999995, 2.5793852717631567
2840, 2.5763890053367566
2841.9999999999995, 2.553532020426813
2843.9999999999995, 2.567221203892582
2845.9999999999995, 2.5529069829179307
2848, 2.3145483460186775
2849.9999999999995, 2.0799130169280544
2851.9999999999995, 2.082478384819726
2854, 2.114051097481296
2855.9999999999995, 2.0964733543353105
2857.9999999999995, 2.0897098548121296
2859.9999999999995, 2.094369714901004
2862, 2.0952113401714896
2864, 2.0877553303554217
2865.9999999999995, 2.1436195846854775
2867.9999999999995, 2.284400900624715
2869.9999999999995, 2.349802512548999
2872, 2.3294834729182115
2873.9999999999995, 2.3243274958765907
2875.9999999999995, 2.329054726561423
2877.9999999999995, 2.322825601844903
2880, 2.307594058491344
2882, 2.334433186867271
2883.9999999999995, 2.419481665317399
2886, 2.458910693394287
2887.9999999999995, 2.4459170074835908
2889.9999999999995, 2.444239185488187
2891.9999999999995, 2.4480877329199284
2893.9999999999995, 2.4464320414546847
2895.9999999999995, 2.4441936175070613
2898, 2.4419341956841225
2899.9999999999995, 2.439204795657299
2902, 2.438604456573807
2903.9999999999995, 2.441083984788549
2906, 2.445377012941088
2908, 2.4477596938994153
2910, 2.446462586534731
2912, 2.4431980870592804
2913.9999999999995, 2.4412069223606867
2915.9999999999995, 2.4415751018427976
2917.9999999999995, 2.439779250162312
