0, 3.6108993902438926
2, 3.6047235620381053
4, 3.597568155128957
6, 3.591078350684545
8, 3.589398342196642
10, 3.5905763142804323
12, 3.5908407850206863
14, 3.588740705391986
16, 3.5868901677076126
18, 3.5869413213533647
20, 3.587090297188758
22, 3.587321583762006
24, 3.5876196696213256
26, 3.5879690433149296
28, 3.5883541933910337
29.999999999999993, 3.5887596083978535
32, 3.589169776883602
34, 3.5895691873964957
36.00000000000001, 3.5899423284847485
37.99999999999999, 3.5902736886965756
40, 3.5910899458494976
42, 3.5898145843616027
44, 3.5874674725315443
46, 3.5865337874741416
48, 3.586913949515306
50, 3.5870495534723963
52, 3.5866529497545954
54, 3.586728153890283
56, 3.588781498237412
58, 3.590583653740572
60, 3.5904628231491884
62, 3.59024123329494
64, 3.5903196570476914
66, 3.589202584726358
68, 3.586266629281536
70, 3.5847810420745576
72, 3.5830972638747443
74, 3.581279710897962
76, 3.5793927993600767
78, 3.577500945476952
80.00000000000001, 3.5756685654644533
82, 3.573960075538446
83.99999999999999, 3.5701107006817074
86, 3.5693594299263913
88, 3.574112881696992
89.99999999999999, 3.563277058232599
92, 3.534625885118501
94, 3.5242407305981795
96.00000000000001, 3.529020202194464
98, 3.529288346576488
99.99999999999999, 3.528306437788889
102, 3.5285708725837237
104, 3.528441741267279
106, 3.5288806778507738
108, 3.529151997532079
110, 3.525977847248754
112, 3.5302366017240883
114, 3.54896864066619
116, 3.5588422472749834
118, 3.5561726523669934
120, 3.556668128597782
122, 3.5611909198471516
124, 3.561665260903339
126, 3.5470829523557
128, 3.5366049231453665
130, 3.5416199143074065
132, 3.516889395750038
134, 3.4747743765613084
136, 3.4683538897192165
138, 3.4750382704645477
140, 3.471740879608896
142, 3.4661263413736796
144, 3.468120946743501
146, 3.4731621667940202
148, 3.4452579289468885
150, 3.402273069084584
152, 3.3938527510701206
154, 3.4000211131811517
156, 3.3991881178530385
158, 3.3947074111434294
160, 3.4011539253672356
162, 3.422044815092376
164, 3.428094228594267
166, 3.427569471996075
168, 3.4480983420438074
170, 3.462986992636776
172, 3.4604132690413123
174, 3.4624270959157517
176, 3.467552117183887
178, 3.4676869702364956
180, 3.4654252943538335
182, 3.466943745365866
184, 3.4760513374749338
186, 3.48171852629333
187.99999999999997, 3.4806656114063066
190.00000000000003, 3.4819587415713324
192, 3.484331615945046
194, 3.484311991295768
196, 3.4835228392764725
197.99999999999997, 3.4840582651103853
200.00000000000003, 3.4856470046629986
202, 3.480261124626083
204, 3.4684611303248585
206, 3.461337738217602
207.99999999999997, 3.460031709942312
209.99999999999997, 3.460494734521357
212, 3.457395255842648
214, 3.452972721095222
216, 3.4524661539362507
218, 3.453629682076883
219.99999999999997, 3.4533909747298184
222.00000000000003, 3.4500371879546217
224, 3.444833183684456
226, 3.4402882356748234
228, 3.438866772041183
229.99999999999997, 3.439441306246845
232.00000000000003, 3.439491279927223
234, 3.4393910221212756
236, 3.439415177680423
238, 3.4392734368210145
240, 3.439588860255453
242, 3.4398305929587627
244, 3.437159982744113
246, 3.432036485584577
248, 3.427146421725186
250, 3.4252401990180417
252, 3.4256702066761067
254, 3.4253320927519435
256, 3.4263241237087936
258, 3.427048395320412
260, 3.41839428694921
262, 3.4077925246223377
264, 3.405700101574981
266, 3.4030339238023672
268, 3.3984225114830195
270, 3.398601425607969
272, 3.39687269255546
274, 3.3916674001653813
276, 3.3938749618208988
278, 3.3894424594087558
280, 3.366059966634404
282, 3.3535592578899887
284, 3.356903986405862
286, 3.3561944082906643
288, 3.352522609234207
290, 3.3504875271132684
292, 3.3499361475832097
294, 3.35032199570974
296, 3.3493751482686283
298, 3.3417364409185013
300, 3.3457767570132564
302, 3.385280942264544
304, 3.4137610609352613
306, 3.4096804257074074
308, 3.411548772949321
310, 3.4197897068460614
312, 3.420395344230334
314, 3.4173441429699842
316, 3.412462174313776
318, 3.402011667301925
320, 3.383002475349958
322, 3.3568709382340614
324, 3.3311092033027734
326, 3.3118142342423456
328, 3.312174717391697
330, 3.3180755523800127
332, 3.3193398611861706
334, 3.3244090515241456
336, 3.3090455127553424
338, 3.275857321097073
340, 3.2664244905723834
342, 3.27227191115314
344, 3.2723673826725252
346, 3.26984301790117
348, 3.2714274433314188
350, 3.277806878267166
352, 3.267007522730691
354, 3.266582345354367
356, 3.306741119018213
358, 3.358443934036713
360, 3.4060832413437487
362, 3.4354763913138786
364, 3.421832346954497
366, 3.4213591589719297
368, 3.4280543671890498
370, 3.426889264699852
372, 3.4158543526461727
374, 3.4077740339561338
376, 3.409014080992029
378, 3.403715202463479
380, 3.3945078289015274
382, 3.3934369784641016
384, 3.3958378585585143
385.99999999999994, 3.3953542170904747
388, 3.390853243569855
390, 3.397033364957731
391.99999999999994, 3.408870926510197
394, 3.4225058315271166
395.99999999999994, 3.4336180055629275
398, 3.437332075457961
400, 3.436031235329599
402, 3.4390149342043603
404, 3.4409268420999366
405.99999999999994, 3.4379073283637824
408, 3.432649248432572
410.00000000000006, 3.4355840956660377
412, 3.43098013954944
414, 3.403347519522877
415.99999999999994, 3.38702287161407
418, 3.3908909259950164
420.00000000000006, 3.3924195001868886
422, 3.3911239755089393
424, 3.3912457790230977
425.99999999999994, 3.3915836725876205
428, 3.391320712777317
430.00000000000006, 3.390902436199036
432, 3.3926794882665097
434, 3.3948159019865822
435.99999999999994, 3.3928683475148755
438, 3.3913624081227516
440.00000000000006, 3.3918911914858927
442, 3.38793087166923
444, 3.3845265162612925
445.99999999999994, 3.386195929637769
448, 3.3784241521200475
449.99999999999994, 3.3645177620350646
452, 3.362097702337448
454, 3.364455287805807
455.99999999999994, 3.364134212999163
458, 3.3637906636263724
459.99999999999994, 3.363968375588682
462, 3.3639731539380477
464, 3.363935523531524
466, 3.363947403070079
468, 3.3639560479607757
469.99999999999994, 3.363938517042849
472, 3.363934588152955
474.00000000000006, 3.364016511688518
476, 3.36389500629781
478, 3.3636876722710776
479.99999999999994, 3.3646968711917635
482, 3.364044410096324
484.00000000000006, 3.357703144732543
486, 3.352274490770647
488, 3.3528309049918197
490, 3.3577425634553952
492, 3.360488539980537
494, 3.3591705851471803
496, 3.3615916017067584
498, 3.3640394694847786
500, 3.3670116727859267
502, 3.3702012697655874
504, 3.3733013185791476
506, 3.376004877381992
508, 3.3787975941341912
510, 3.378591487082886
512, 3.377158771752171
514, 3.377673851311249
516, 3.3777710675474903
518, 3.377626665010819
520, 3.3776523095237287
522, 3.377727980096859
524, 3.377612819280396
526, 3.377489829258138
528, 3.378257734020121
530, 3.3775773348464355
532, 3.3730068312650903
534, 3.370241185353574
536, 3.3707850182521226
538, 3.3701775507273406
540, 3.371703912892992
542, 3.3767025296351947
544, 3.3772395877987744
546, 3.3779206536921653
548, 3.386897605134686
550, 3.392877115285735
552, 3.3916592818363975
554, 3.3907903439743348
556, 3.391746200963075
558, 3.3921725890531125
560, 3.3898709935270017
562, 3.386216615675167
564, 3.381004055569387
566, 3.3760465109982425
568, 3.372488982676114
570, 3.3689687138411064
572, 3.3657478152330444
574, 3.3630883975917536
576, 3.3612525716570585
578, 3.360512622207461
580, 3.3639573260224087
582, 3.349373379358161
584, 3.3212523311363125
586, 3.3158541529870376
588, 3.3197701509954283
590, 3.3168705318107627
592, 3.3153039677874223
594, 3.31596609899201
596, 3.3158026291242324
598, 3.3164799648473937
600, 3.3161905077786735
602, 3.3131491142118223
604, 3.327065126625832
606, 3.3579861461073386
608, 3.367942299268071
610, 3.363795954315687
612, 3.3680419583327335
614, 3.3724355212048795
616, 3.3710735853741403
618, 3.3660620734587945
620, 3.3640100800117145
622, 3.364779318992375
624, 3.3578553459243192
626, 3.349519182580197
628, 3.349275874171679
630, 3.3508781681072906
632, 3.350306395646586
634, 3.348828490821722
636, 3.3523799534500442
638, 3.351407366935773
640, 3.3188784482840084
642, 3.2853985851678145
644, 3.285228063318246
646, 3.289911942202209
648, 3.2885055240628405
650, 3.2893550033502614
652, 3.286356417316853
654, 3.279092730035818
656, 3.2784049005043596
658, 3.277283401066397
660, 3.2764020389466264
662, 3.3113090146590034
664, 3.360234788811232
666, 3.3697743145529517
668, 3.360447661336717
670, 3.3612402749889285
672, 3.3775456185915615
674, 3.3561537043323724
676, 3.327990706438932
678, 3.293106038207273
680, 3.257327391135364
682, 3.226482456721172
684, 3.198973494542391
686, 3.210125549331743
688, 3.2152414812253243
690, 3.2152479068214035
692, 3.213811785233798
694, 3.212552566789451
696, 3.213210514994149
698, 3.2307022766077744
700, 3.2551141525893423
702, 3.272752715571759
704, 3.2810918198087986
706, 3.280922509067083
708, 3.2761248212136067
710, 3.2739928847172286
712, 3.2748066980455874
714, 3.2749187077214112
716, 3.2747108791088486
718, 3.2747563479528554
720, 3.2748322217250956
722, 3.2747115599996244
724, 3.274617637576219
726, 3.275332811350546
728, 3.2745894320385136
730, 3.2701954345071274
732, 3.266934884469739
734, 3.2728779679518145
736, 3.2835338654372777
738, 3.2955093895984966
740, 3.306384620040769
742, 3.315203084580437
744, 3.3159256991716184
746, 3.3163303086235176
748, 3.31476009403436
750, 3.3152494374803547
752, 3.3264119312948175
754, 3.336135192220042
756, 3.338354024238549
758, 3.347536800723127
760, 3.3576233436978153
762, 3.357397554973525
764, 3.358858001249697
766, 3.3637617248084863
768, 3.363176205174672
770, 3.3659513336375864
772, 3.368066906529434
774, 3.3404698831657265
776, 3.3053698762557384
778, 3.2959518048666587
780, 3.29345210854087
782, 3.2886979011913993
784, 3.2879465057085113
786, 3.2885033306547604
788, 3.2882766537745116
790, 3.289749432108813
792, 3.287602394311742
794, 3.278228652220875
796.0000000000001, 3.2733073824480443
797.9999999999999, 3.2746977362765484
800, 3.2750462431438727
802, 3.27475031996686
804, 3.2748476773490562
806.0000000000001, 3.2742626277606526
807.9999999999999, 3.2751820860041225
810, 3.2794808928541537
812, 3.2841202338324136
814, 3.288351012819985
816.0000000000001, 3.2931589814211866
817.9999999999999, 3.2959564852247825
820, 3.2956238745250284
822, 3.294561763855058
824, 3.2959134525274782
826.0000000000001, 3.297750569003313
827.9999999999999, 3.287061974140577
830, 3.2714471467823505
832, 3.269489177057712
834, 3.271767746842997
836.0000000000001, 3.271270634670178
837.9999999999999, 3.2729684451880776
840, 3.274934134058636
842, 3.2746570223843037
844, 3.275665551329254
846.0000000000001, 3.2747328525382944
847.9999999999999, 3.2689504325123098
850, 3.278694911007699
852, 3.310298271053903
854, 3.3318376053052248
856.0000000000001, 3.348177746657071
857.9999999999999, 3.3606624187403833
860, 3.368729793382708
862, 3.363710362121467
864, 3.3562366766088974
865.9999999999999, 3.361542701469582
867.9999999999999, 3.3615809794073677
870, 3.312618223050652
872, 3.264478987418597
874, 3.2620169383230233
875.9999999999999, 3.264826041622497
877.9999999999999, 3.2609341385568746
880, 3.2608321134113822
882, 3.2604251578317704
884, 3.257901684862678
885.9999999999999, 3.257131627743504
887.9999999999999, 3.257830493354323
890, 3.2580154754735875
892, 3.256081840379853
894, 3.25415565727734
895.9999999999999, 3.254588009586725
898, 3.252692067140453
900, 3.247881416997502
902, 3.245386400946408
904, 3.2491628668673416
905.9999999999999, 3.2566080946716904
908, 3.256850252705526
910, 3.266486915741325
912, 3.301281970641167
914, 3.3209594009815127
915.9999999999999, 3.316441479487962
918, 3.3160273676833096
920, 3.314400969390593
922, 3.3121124863235987
924.0000000000001, 3.3245581041596592
925.9999999999999, 3.3414287090296497
928, 3.3579097315762096
930, 3.3696547768297402
932, 3.3647357756477922
934.0000000000001, 3.3614613960616837
935.9999999999999, 3.359056363582332
938, 3.3569510502695152
940, 3.355102869168931
942, 3.3530979500728257
944.0000000000001, 3.3489143954238534
945.9999999999999, 3.344145802771447
948, 3.3400872922835974
950, 3.3397184236493866
952, 3.339628538530387
954.0000000000001, 3.3372760065545393
955.9999999999999, 3.3345261197022666
958, 3.332977712333158
960, 3.331772581410557
962, 3.325025438194711
964.0000000000001, 3.3162085162502843
965.9999999999999, 3.314816272277524
968, 3.3162369851888878
970, 3.316021393137481
972, 3.31591711637221
974.0000000000001, 3.3158840225183233
975.9999999999999, 3.3169386855397174
978, 3.3242760525081403
980, 3.320111691524974
982, 3.3029240582008312
984.0000000000001, 3.280798582132105
985.9999999999999, 3.260980675997158
988, 3.253137568141534
990, 3.24948582606929
992, 3.2476857106412313
993.9999999999999, 3.2471419488648308
995.9999999999999, 3.2472592677475567
998, 3.2474423942968804
1000, 3.2459498907455866
1002, 3.2472637274310587
1004, 3.276546560271123
1006, 3.305379976650541
1008, 3.304840629660458
1010, 3.3010343990210274
1012, 3.3022102622452265
1014, 3.3010298713096664
1016, 3.30515529433784
1018, 3.314686614726476
1020, 3.31740346901107
1022, 3.3155933701347156
1024, 3.3154449021313677
1026, 3.3172066047301687
1028, 3.31940202241881
1030, 3.3200831546696605
1032, 3.318312959323193
1034, 3.3184271937520107
1036, 3.3257629160943956
1038, 3.3121886905576017
1040, 3.2692592113388117
1042, 3.251393459102928
1044, 3.2578082772865895
1046, 3.2550166595298164
1048, 3.2478132836551707
1050, 3.2465787840500577
1052, 3.2549433764600337
1054, 3.2559317708118347
1056, 3.251315897035528
1058, 3.270288339111417
1060, 3.296815206898684
1062, 3.3229213991504607
1064, 3.340973701183294
1066, 3.3342869569459492
1068, 3.330908496640476
1070, 3.3338168727315405
1072, 3.334061792972623
1074, 3.3297741668095595
1076, 3.330240245532755
1078, 3.3370902316085953
1080, 3.30993259427179
1082, 3.2611148699769634
1084, 3.251378637187429
1086, 3.2585886807692184
1088, 3.255238784344641
1090, 3.2540212916068514
1092, 3.250234157697656
1094, 3.2429737095528917
1096, 3.234246316352921
1098, 3.2272039576188467
1100, 3.224633468203893
1102, 3.227251838744534
1104, 3.226900763593034
1106, 3.226949567045229
1108, 3.2265559498359138
1110, 3.2228580468269414
1112, 3.2163420192174974
1114, 3.218782917818737
1116, 3.2459526415701596
1118, 3.283515796501222
1120, 3.313691763473891
1122, 3.329195995287429
1124, 3.333273058909212
1126, 3.33324284848565
1128, 3.333260069662427
1130, 3.333156534133078
1132, 3.3314171841351294
1134, 3.33580407707921
1136, 3.337381387652671
1138, 3.305681139774663
1140, 3.2718255031994383
1142, 3.271896041698477
1144, 3.274673371052912
1146, 3.2713362322448494
1148, 3.2741529986685864
1150, 3.2652482869517523
1152, 3.2436209671836114
1154, 3.2393120778973223
1156, 3.2442485168904263
1158, 3.2416994901300815
1160, 3.240434982044791
1162, 3.2405135278460317
1164, 3.235552219586065
1166, 3.2341640226116093
1168, 3.234987569183069
1170, 3.224811799058814
1172, 3.241943910414026
1174, 3.3037375976178867
1176, 3.331539314566289
1178, 3.3227716767201336
1180, 3.327812817141659
1182, 3.3342607596120173
1184, 3.3329692260623767
1186, 3.3366770384106172
1188, 3.339930495986457
1190, 3.338435261251277
1192, 3.341246907391938
1194, 3.343929111305786
1196, 3.3467295894756304
1198, 3.348979392085681
1200, 3.3500095693201497
1202, 3.349151171363246
1204, 3.3445241532748313
1206, 3.329711778894914
1208, 3.312787314195979
1210, 3.3017946720605664
1212, 3.306115942491103
1214, 3.2864643779091613
1216, 3.238492520063475
1218, 3.2273632422723706
1220, 3.234227816281813
1222, 3.2289548771039387
1224, 3.2251348242989915
1226, 3.2269214412018927
1228, 3.2284815755466085
1230, 3.2257116933603145
1232, 3.2228080177932155
1234, 3.2194573561708646
1236, 3.216214747672259
1238, 3.2136352314763994
1240, 3.2119633433625583
1242, 3.2129963833308297
1244, 3.2105889040167734
1246, 3.209794892673816
1248, 3.2099364100901777
1250, 3.209162816982179
1252, 3.208543663351572
1254, 3.2078155298235473
1256, 3.206999799928336
1258, 3.2061178571961686
1260, 3.2051910851572747
1262, 3.204240867341885
1264, 3.20328858728023
1266, 3.2023556285025396
1268, 3.2014633745390455
1270, 3.2006332089199767
1272, 3.1998865151755647
1274, 3.1988061274715998
1276, 3.1980758679833223
1278, 3.2011326224613565
1280, 3.2028487354802926
1282, 3.2002018384685895
1284, 3.207105923256496
1286, 3.2240976467831866
1288, 3.2266582040178444
1290, 3.228158222791375
1292, 3.246822302204069
1294, 3.257146551961816
1296, 3.254329308888263
1298, 3.2551048840099845
1300, 3.2589152731405537
1302, 3.259060793342125
1304, 3.2540456192248715
1306, 3.2479299988724817
1308, 3.2422634841791083
1310, 3.2386497431075414
1312, 3.240399820122892
1314, 3.2409874123461972
1316, 3.2401315880290524
1318, 3.240111908404427
1320, 3.2437651436328805
1322, 3.2576774622036635
1324, 3.267495889501625
1326, 3.2517979541711113
1328, 3.247215038223577
1330, 3.2421429203714323
1332, 3.236667197967943
1334, 3.2308734683663762
1336, 3.2248473289199975
1338, 3.218674376982073
1340, 3.21244020990587
1342, 3.2062304250446534
1344, 3.200130619751689
1346, 3.1942263913802447
1348, 3.1886033372835856
1350, 3.1833470548149787
1352, 3.1785431413276886
1354, 3.174277194174983
1356, 3.1706348107101276
1358, 3.167701588286389
1360, 3.1655631242570323
1362, 3.1643050159753257
1364, 3.1640128607945326
1366, 3.1647722560679217
1368, 3.1694864665000577
1370, 3.1790436966464957
1372, 3.1922336816720365
1374, 3.2080855449281005
1376, 3.2256284097661094
1378, 3.243891399537482
1380, 3.2619036375936385
1382, 3.2786942472860003
1384, 3.2932923519659876
1386, 3.313957456703716
1388, 3.309018291118525
1390, 3.3000884400030333
1392, 3.3095265070214688
1394, 3.3113278678058853
1396, 3.3065581219216034
1398, 3.307524299004801
1400, 3.321708970683082
1402, 3.30176345556973
1404, 3.263587015331952
1406, 3.220068075801332
1408, 3.185583367546534
1410, 3.1788326172215937
1412, 3.186877848267408
1414, 3.1795707049094597
1416, 3.1764500804287312
1418, 3.1802903190103544
1420, 3.1816788104426235
1422, 3.167424748353545
1424, 3.1839172366910455
1426, 3.2669377681736465
1428, 3.3158082907686057
1430, 3.303906668993158
1432, 3.298901157292781
1434, 3.296194176703485
1436, 3.2941973118311565
1438, 3.2926092028396368
1440, 3.291128489892772
1442, 3.289453813154404
1444, 3.2859595312548846
1446, 3.2800521694840086
1448, 3.274272414660537
1450, 3.26970709120473
1452, 3.27034914352359
1454, 3.274115991490634
1456, 3.2743759053266928
1458, 3.270504625320185
1460, 3.2765049961162838
1462, 3.2881250085196756
1464, 3.2885991593647184
1466, 3.290549246300547
1468, 3.300375584094507
1470, 3.3036789346014652
1472, 3.3020680335358015
1474, 3.302316408500651
1476, 3.3013615092420716
1478, 3.302025350806178
1480, 3.310318288959096
1482, 3.3178848544031077
1484, 3.319388649174736
1486, 3.319279948315538
1488, 3.3194060342501226
1490, 3.3195623444782996
1492, 3.3186173711605136
1494, 3.3159991738507966
1496, 3.3142831123356657
1498, 3.326070626668272
1500, 3.327558161086438
1502, 3.293236844123282
1504, 3.2491738062947397
1506, 3.2080149947976797
1508, 3.1850185279293513
1510, 3.180375270970064
1512, 3.1825319026993477
1514, 3.1798250570457127
1516, 3.1682580576744668
1518, 3.1537185940906975
1520, 3.141373518484718
1522, 3.1383808520268315
1524, 3.1319415787872833
1526, 3.1202863610494163
1528, 3.1183905999182975
1530, 3.122101154958688
1532, 3.1217139543357755
1534, 3.112342782748855
1536, 3.129132646727993
1538, 3.183558290080893
1540, 3.2094069641199323
1542, 3.2024374844996366
1544, 3.1989957667368936
1546, 3.1995736433658055
1548, 3.1969889079064604
1550, 3.1892790480400346
1552, 3.196664647058274
1554, 3.200265703442702
1556, 3.20451312090212
1558, 3.2092853262993106
1560, 3.214460746497057
1562, 3.219917808358143
1564, 3.2255349387453514
1566, 3.2311905645214645
1568, 3.2367631125492653
1570, 3.2421310096915374
1572, 3.247172682811064
1574, 3.2517665587706275
1576, 3.255791064433011
1578, 3.261269604139421
1580, 3.2654220911853824
1582, 3.265751645640741
1584, 3.263300166977242
1586, 3.2591095546666287
1588, 3.2475643524054902
1590, 3.240536576374195
1592, 3.24434138698287
1594, 3.2281308068927603
1596, 3.1977852306817467
1598, 3.1929749518149415
1600, 3.200185165919103
1602, 3.2025310897066803
1604, 3.2041966313213046
1606, 3.205303070056781
1608, 3.20597168520692
1610, 3.206451812872167
1611.9999999999998, 3.2061959903041948
1614, 3.206139035948617
1616, 3.2061467308728373
1618.0000000000002, 3.20610028320583
1620, 3.2065302083758223
1621.9999999999998, 3.205946809734748
1624, 3.2034831640008083
1626, 3.20290358795917
1628.0000000000002, 3.2058987538929418
1630, 3.210896665213196
1631.9999999999998, 3.2132362407540778
1634, 3.2127085206878427
1636, 3.2160349374784682
1638.0000000000002, 3.22027002179405
1640, 3.2203801976974753
1641.9999999999998, 3.2195475532165196
1644, 3.2198558854000208
1646, 3.220669997927295
1648.0000000000002, 3.2185724745468622
1650, 3.213825972107606
1651.9999999999998, 3.212257713887411
1654, 3.2131955714261555
1656, 3.213426271393977
1658.0000000000002, 3.211987001600482
1660, 3.2096509490678446
1661.9999999999998, 3.2085081171455423
1664, 3.211188428384768
1666, 3.2137442622842793
1668.0000000000002, 3.2075421256062873
1670, 3.2182032730380064
1671.9999999999998, 3.2584575707708803
1674, 3.2775226793771504
1676, 3.2713591635088615
1678.0000000000002, 3.2715518526007634
1680, 3.2770001148268557
1681.9999999999998, 3.281179910291595
1684, 3.281677436646715
1686, 3.276580612711873
1688.0000000000002, 3.2614602878459023
1690, 3.2400076199082233
1691.9999999999998, 3.2205328595833578
1694, 3.2030878574335424
1696, 3.1908281183638465
1697.9999999999998, 3.194531481269238
1700, 3.19969088973172
1701.9999999999998, 3.1985103508778554
1704, 3.1967044937438422
1706, 3.2097557448915763
1707.9999999999998, 3.2263636418633377
1710, 3.2264193133782664
1711.9999999999998, 3.22910389459444
1714, 3.239532182922206
1716, 3.2402690528740443
1717.9999999999998, 3.2422465851757147
1720, 3.254306577181554
1721.9999999999998, 3.259433989650564
1724, 3.257563577264032
1726, 3.2579789661271277
1727.9999999999998, 3.256203326002246
1730, 3.2564644959687934
1731.9999999999998, 3.2673589156368763
1734, 3.25590291966805
1736, 3.248158176460679
1737.9999999999998, 3.2387715334668985
1740, 3.2282176529393496
1741.9999999999998, 3.216971197130676
1744, 3.2055068282935184
1746, 3.194299208680521
1747.9999999999998, 3.1838230005443244
1750, 3.174552866137572
1751.9999999999998, 3.166963467712906
1754, 3.1566417556424353
1756, 3.1689254521103867
1757.9999999999998, 3.17132145295622
1760, 3.170339998256509
1761.9999999999998, 3.1685669202653477
1764, 3.169756415689746
1766, 3.1789028067908074
1767.9999999999998, 3.192456754460405
1770, 3.2013721875150187
1772, 3.2025071836930765
1774, 3.200370406080858
1776, 3.204109825578646
1777.9999999999998, 3.207554178100654
1780, 3.211698256308699
1782, 3.216131144931886
1784, 3.220441928699319
1786, 3.2242196923400996
1787.9999999999998, 3.227149216993153
1790, 3.2290355398003725
1792, 3.2293009188937485
1794, 3.2285584049142604
1796, 3.2274210485028867
1797.9999999999998, 3.2261751003999457
1800, 3.2265476390679795
1802, 3.226902628059152
1804.0000000000002, 3.2267511901508175
1806, 3.2268453050904657
1807.9999999999998, 3.22643561160432
1810, 3.2266810110382638
1812, 3.229262989427022
1814.0000000000002, 3.2298391564880466
1816, 3.2293048216757154
1817.9999999999998, 3.23662754775447
1820, 3.2446531484981045
1822, 3.244617622717408
1824.0000000000002, 3.2437648805687678
1826, 3.2439247959680966
1827.9999999999998, 3.241824229989571
1830, 3.2401197512223954
1832, 3.240369000670893
1834.0000000000002, 3.240586804956476
1836, 3.2404447668795475
1837.9999999999998, 3.240407687654992
1840, 3.240632389506375
1842, 3.2404766493402968
1844.0000000000002, 3.2397024319027614
1846, 3.2420036844859457
1847.9999999999998, 3.246750503517379
1850, 3.2476410789312276
1852, 3.2475829769831672
1854.0000000000002, 3.250062367691636
1856, 3.2510067034269983
1857.9999999999998, 3.2542457511238925
1860, 3.2594330327792855
1862, 3.2656453749512435
1864.0000000000002, 3.2707198073119805
1866, 3.2727428310556315
1867.9999999999998, 3.271284613234927
1870, 3.2734573170676353
1872, 3.276664810987268
1874.0000000000002, 3.274533245546301
1876, 3.265246203768942
1877.9999999999998, 3.268644951817028
1880, 3.268923751112689
1882, 3.2590361321756056
1884.0000000000002, 3.2509246365347595
1886, 3.24145355775629
1887.9999999999998, 3.231058867989378
1890, 3.220176539383207
1892, 3.209242544086959
1894.0000000000002, 3.1986928542498174
1896, 3.188963442020965
1897.9999999999998, 3.180490279549583
1900, 3.167641756335394
1902, 3.166027127768939
1904.0000000000002, 3.1687308007772885
1906, 3.1648662859647576
1907.9999999999998, 3.1662637752166853
1910, 3.1704094940707894
1912, 3.1720788038822283
1914.0000000000002, 3.169171553109362
1916, 3.17573428709783
1917.9999999999998, 3.194846924122364
1920, 3.202287210358761
1922, 3.199060095803244
1924.0000000000002, 3.1986478888159673
1926, 3.1999983526734495
1927.9999999999998, 3.202351500409324
1930, 3.2064646459207893
1932, 3.2043320177550876
1934.0000000000002, 3.2019499140012253
1936, 3.210447172246443
1937.9999999999998, 3.2183221029949305
1940, 3.227500658021866
1942, 3.23707011925967
1944.0000000000002, 3.2461177686407625
1946, 3.2537308880975644
1947.9999999999998, 3.261557625001209
1950, 3.2584498336061882
1952, 3.258148244791023
1953.9999999999998, 3.260503797394925
1956, 3.264004467078821
1957.9999999999998, 3.267830593396792
1960, 3.271162515902922
1962, 3.274134319036402
1963.9999999999998, 3.268948599681848
1966, 3.267866695000451
1967.9999999999998, 3.2872199327642333
1970, 3.268852585129389
1972, 3.24751917317333
1973.9999999999998, 3.2205213927138114
1976, 3.190609485190578
1977.9999999999998, 3.1605336920433746
1980, 3.1330442547119475
1982, 3.110891414636041
1983.9999999999998, 3.0889441966660875
1986, 3.109756921901374
1987.9999999999998, 3.1124565920709895
1990, 3.0962963429561747
1992, 3.105454594760369
1993.9999999999998, 3.1819421915493282
1996, 3.2390528782647974
1997.9999999999998, 3.2356998701273314
2000, 3.2345137282655045
2002, 3.24118630444572
2003.9999999999998, 3.2408251558705876
2006, 3.241283153706573
2007.9999999999998, 3.240514851910154
2010, 3.232807365287564
2012, 3.239171058677196
2013.9999999999998, 3.2453123492183096
2016, 3.196377399746159
2017.9999999999998, 3.1456818868038092
2020, 3.1474041613082626
2022, 3.1502515942264897
2023.9999999999998, 3.1374147561027015
2025.9999999999998, 3.1298162862150236
2027.9999999999998, 3.143617495345989
2029.9999999999998, 3.163014356903845
2031.9999999999998, 3.183588063901376
2033.9999999999998, 3.1971652831724855
2035.9999999999998, 3.2013328206512175
2037.9999999999998, 3.20329921556479
2039.9999999999998, 3.203584562302363
2041.9999999999998, 3.2027089552530956
2043.9999999999998, 3.201192488806148
2045.9999999999998, 3.1995552573506774
2047.9999999999998, 3.197076958981056
2050, 3.2007951554214626
2052, 3.2079201585039447
2054, 3.210303393770583
2056, 3.2096322557914063
2058, 3.211852060412901
2060, 3.2132568976302007
2062, 3.2129499488172653
2064, 3.214171356215578
2066, 3.2115601048795344
2068, 3.2090827592148843
2070, 3.2207297776429127
2072, 3.2364272481612137
2074, 3.251738078926995
2076, 3.262293747528108
2078, 3.2583170423744368
2080, 3.256156301177544
2082, 3.258320485017378
2084, 3.2588043202468904
2086, 3.252617767084555
2088, 3.2472818677978825
2090, 3.2494199474972567
2092, 3.2454858128508954
2094, 3.2403615094752785
2096, 3.2345998052556264
2098, 3.2296391061552336
2100, 3.2269178181373936
2102, 3.2319187762937647
2104, 3.2250681556432848
2106, 3.2014396188256873
2108, 3.1714263380832444
2110, 3.1460427701631106
2112, 3.1328634725163687
2114, 3.1389242943551707
2116, 3.138139512115285
2118, 3.1371371464464133
2120, 3.137624570008639
2122, 3.137646551844667
2124, 3.1375471886489237
2126, 3.1375749410110374
2128, 3.1375670522981536
2130, 3.1375995474781306
2132, 3.137618519872016
2134, 3.1373743807149843
2136, 3.137713762537609
2138, 3.138380275199006
2140, 3.1353907657603095
2142, 3.137045783818563
2144, 3.140221980994599
2146, 3.1437285756082987
2148, 3.1477076189522353
2150, 3.1518813783965456
2152, 3.1559721213113687
2154, 3.159702115066842
2156, 3.1627936270331034
2158, 3.1649689245802906
2160, 3.164329361389541
2162, 3.1698591451894096
2164, 3.1893784865463655
2166, 3.195091447599704
2168, 3.192299933901758
2170, 3.194738649527276
2172, 3.196283344146036
2174, 3.1958803624308247
2176, 3.1967687105739944
2178, 3.1939271659000235
2180, 3.1868254819069035
2182, 3.1827744681474575
2184, 3.1821659814260594
2186, 3.1822239319336942
2188, 3.1823130510876627
2190, 3.182359533831383
2192, 3.182289575108276
2194, 3.1817112974265758
2196, 3.1816696193850467
2198, 3.186292000004104
2200, 3.188870571446717
2202, 3.1872684596668237
2204, 3.197213809672528
2206, 3.2133757785717956
2208, 3.2193800577952625
2210, 3.2201656330287998
2212, 3.220124351585221
2214, 3.2182856427153737
2216, 3.2216900910214146
2218, 3.228441105872758
2220, 3.2147052914197056
2222, 3.188995035077103
2224, 3.175495074293558
2226, 3.1693914416461504
2228, 3.165354816975284
2230, 3.164381468272526
2232, 3.1653226148549916
2234, 3.1656371225950135
2236, 3.1629025954940944
2238, 3.1656803548449286
2240, 3.1754136269773285
2242, 3.148898972311997
2244, 3.094665687800564
2246, 3.0744521439352086
2248, 3.076404239039464
2250, 3.0760555466938855
2252, 3.0760241496578526
2254, 3.0756891706164193
2256, 3.0719484012366713
2258, 3.066258564979025
2260, 3.073216734877533
2262, 3.1099806406465773
2264, 3.1386561130211192
2266, 3.136061024135012
2268, 3.1339893001236327
2270, 3.137868366122058
2272, 3.1382232493301387
2274, 3.1369966114145544
2276, 3.1373860294094094
2278, 3.143463087647663
2280, 3.1680060871828997
2282, 3.2055100072087055
2284, 3.220654534138689
2286, 3.220020951551142
2288, 3.22472856134625
2290, 3.2271089523887215
2292, 3.226621161035986
2294, 3.229690138577289
2296, 3.2217133988280615
2298, 3.2027649054260525
2300, 3.200632473213159
2302, 3.19801965334025
2304, 3.1739107058747593
2306, 3.1620694448485107
2308, 3.165063460211684
2310, 3.164398311761326
2312, 3.163120305219331
2314, 3.1613641217184982
2316, 3.1592991131230908
2318, 3.157094631297372
2320, 3.154920028105606
2322, 3.1529446554120564
2324, 3.151337865080987
2326, 3.1496727243620084
2328, 3.152135500328621
2330, 3.1520071178560327
2332, 3.147222631708686
2334, 3.1445868972434092
2336, 3.146430873592553
2338, 3.136418841597064
2340, 3.1205472236752763
2342, 3.118249657963039
2344, 3.121377843791898
2346, 3.120984456373251
2348, 3.1179762313097727
2350, 3.1214362292139692
2352, 3.1289455846931364
2354, 3.1394298436596486
2356, 3.151381028035913
2358, 3.1633009139194614
2360, 3.173729483146733
2362, 3.181216070445078
2364, 3.1847894931874663
2366, 3.181372495579926
2368, 3.180540582646743
2370, 3.186672736696447
2372, 3.1816086002269763
2374, 3.147632074356941
2376, 3.125965698456306
2378, 3.1300383562150804
2380, 3.128500300934365
2382, 3.1230470105090813
2384, 3.1231840088748886
2386, 3.1247455191413946
2388, 3.1237159432374275
2390, 3.121070483721488
2392, 3.13026290336958
2394, 3.149092029565264
2396, 3.157795108907591
2398, 3.157928125446694
2400, 3.157613551333216
2402, 3.16055566873364
2404, 3.165283806093283
2406, 3.167073974215041
2408, 3.161002321034768
2410, 3.1518967128685045
2412, 3.1514902984954896
2414, 3.1496743647519145
2416, 3.13999159146113
2418, 3.1360451832982585
2420, 3.1376808807703074
2422, 3.1376996003030833
2424, 3.1378162033369605
2426, 3.1377662983347396
2428, 3.135510121016483
2430, 3.1405800877294996
2432, 3.158390114323473
2434, 3.172783565170258
2436, 3.183376742579946
2438, 3.192366980336084
2440, 3.2005499801688884
2442, 3.1971643584559333
2444, 3.1904188778767133
2446, 3.1831223420388954
2448, 3.175611704425635
2450, 3.1690577923269494
2452, 3.1639928914844706
2454, 3.1645977614921614
2456, 3.161612807071345
2458, 3.151739848520063
2460, 3.1504611355999077
2462, 3.151271524439691
2464, 3.151125116818258
2466, 3.150893149113803
2468, 3.1506076713997717
2470, 3.15030073374961
2472, 3.1500043862367653
2474, 3.149750678934683
2476, 3.1495716619168097
2478, 3.1494993852565902
2480, 3.149565899027473
2482, 3.1498032533029017
2484, 3.1502434981563248
2486, 3.150918683661186
2488, 3.156780464751714
2490, 3.1522291410679903
2492, 3.1049616464846213
2494, 3.0674054359746394
2496, 3.067578467312766
2498, 3.070303552624571
2500, 3.068806192552148
2502, 3.068932187941681
2504, 3.0686218644233536
2506, 3.0689475261846546
2508, 3.072930654787312
2510, 3.0772322942937755
2512, 3.0769195660633355
2514, 3.068756791404672
2516, 3.0613692446133203
2518, 3.0617095782332884
2520, 3.0615700382236133
2522, 3.0621390878836494
2524, 3.064959364222726
2526, 3.0393969649187684
2528, 2.9925908410619058
2530, 2.979939386287401
2532, 2.987938144529864
2534, 2.987847576833195
2536, 2.9850432754686356
2538, 2.983192786625855
2540, 2.982272084951466
2542, 2.9848126633837255
2544, 2.982311930207917
2546, 2.9639831223825905
2548, 2.9971761491254134
2550, 3.101811535202378
2552, 3.147325763804701
2554, 3.129978294011189
2556, 3.125820398239278
2558, 3.135753018657096
2560, 3.13418173957423
2562, 3.1151747261713107
2564, 3.091081002004211
2566, 3.0682289432801584
2568, 3.057471325356925
2570, 3.0524773829425373
2572, 3.049435225583268
2574, 3.047731102429756
2576, 3.0467512626326383
2578, 3.045881955342556
2580, 3.0428588687726235
2582, 3.0396140897617485
2584, 3.0703583782133035
2586, 3.1084954764103814
2588, 3.11072690419593
2590, 3.10577346907682
2592, 3.1096640538331837
2594, 3.1123245411953304
2596, 3.1143723168212714
2598, 3.1187040353245523
2600, 3.124850200957232
2602, 3.131323803745797
2604, 3.1362554493071793
2606, 3.1379760092221094
2608, 3.1375858321651013
2610, 3.137938047131288
2612, 3.1369005825764424
2614, 3.134345970166163
2616, 3.135097510164349
2618, 3.1334354590265936
2620, 3.1240011079641876
2622, 3.1193670391492683
2624, 3.120470181322113
2626, 3.1170332662207434
2628, 3.112303450276647
2630, 3.1103570388054607
2632, 3.109506496605002
2634, 3.106549073332259
2636, 3.105265173708367
2638, 3.103805082616069
2640, 3.1022580818387637
2642, 3.10071345315985
2644, 3.0992604783627247
2646, 3.097988439230786
2648, 3.096986617547433
2650, 3.096148172653705
2652, 3.0970407663841035
2654, 3.093070073070259
2656, 3.0894216417054214
2658, 3.0962319429893173
2660, 3.0837885473370386
2662, 3.061214343952143
2664, 3.0353105511490144
2666, 3.0121124041318663
2668, 3.00085182160423
2670, 2.9984071820252844
2672, 2.9935801925282433
2674, 2.9939372497385515
2676, 3.0076631307928223
2678, 3.028405437954781
2680, 3.034051879245242
2682, 3.0308457841415453
2684, 3.031112336658587
2686, 3.0306235373518184
2688, 3.03126018854762
2690, 3.0371311960819103
2692, 3.036020421676631
2694, 3.0351959017775263
2696, 3.0638517836609873
2698, 3.093267933836806
2700, 3.0946217540712886
2702, 3.09310401307623
2704, 3.096471340727155
2706, 3.096966181701439
2708, 3.096058497580023
2710, 3.0938161617285656
2712, 3.086240931756636
2714, 3.0739037614537112
2716, 3.0651191327927476
2718, 3.057046267838903
2720, 3.0515585667137315
2722, 3.0511158200823427
2724, 3.0506192409595396
2726, 3.045495539282542
2728, 3.044539336136224
2730, 3.044693764738148
2732, 3.0422215889501714
2734, 3.0410071321781293
2736, 3.0379071666179795
2738, 3.033254364899369
2740, 3.0266409359547772
2742, 3.018660996760235
2744, 3.0101191128571543
2746, 3.003078628989459
2748, 3.0000688689575945
2750, 3.0066083816744706
2752, 2.997637743604076
2754, 2.942062065410573
2756, 2.9107742296671844
2758, 2.9177794516679825
2760, 2.908363932842079
2762, 2.895500971401435
2764, 2.896835219353725
2766, 2.895998898269558
2768, 2.8900130114849056
2770, 2.8872000444150334
2772, 2.898780405511321
2774, 2.922605064501804
2776, 2.943853415706788
2778, 2.953966936290409
2780, 2.9531302456011375
2782, 2.9515037068719066
2784, 2.9526037916201213
2786, 2.953858132499345
2788, 2.9482775968007306
2790, 2.939102133736103
2792, 2.937192463403028
2794, 2.9393538399977475
2796, 2.9413905972330623
2798, 2.943923938679598
2800, 2.9415721646638637
2802, 2.9364221835217013
2804, 2.930229546765853
2806, 2.9251357074196553
2808, 2.9228976906529462
2810, 2.92607668247289
2812, 2.9182368371760568
2814, 2.904080590279046
2816, 2.8927603224179412
2818, 2.880324092423473
2820, 2.8678388615832056
2822, 2.8563715911847023
2824, 2.8469892425155257
2826, 2.837762071875283
2828, 2.842407927396791
2830, 2.8339867292514653
2832, 2.8309473279270883
2834, 2.842263600765502
2836, 2.7803912397364043
2838, 2.6859067055359067
2840, 2.6742148440860714
2842, 2.6858868298455754
2844, 2.673749054057191
2846, 2.666636970776918
2848, 2.6630179591174867
2850, 2.659303772996738
2852, 2.6820954656215794
2854, 2.715708893160482
2856, 2.7212477204165033
2858, 2.7115744909128474
2860, 2.7076960633931404
2862, 2.7174109037390695
2864, 2.7000251880064687
2866, 2.6505825756059043
2868, 2.6704447648982415
2870, 2.646657522292989
2872, 2.6191738286394393
2874, 2.5836625041161447
2876, 2.5411700635124435
2878, 2.492743021617672
2880, 2.4394278932211666
2882, 2.382271193112265
2884, 2.3223194360803046
2886, 2.2606191369146216
2888, 2.1982168104045545
2890, 2.0823212252958143
2892, 1.9150531926887857
2894, 1.7888409367383713
2896, 1.721843720846178
2898, 1.7470026078293697
2900, 1.6331322349373507
2902, 1.4817991084651427
2904, 1.5189965872452689
2906, 1.3698628323527453
2908, 1.0236342277706951
2910, 0.9273920127313349
2912, 1.0124921103282314
2914, 1.030612141218405
2916, 0.9378523450439529
2918, 0.8435141142474181
