4, 3.3836751911435847
6, 3.3788719286781306
8.000000000000004, 3.378363623098239
10.000000000000004, 3.378082848912005
12, 3.37471021278342
14, 3.3709565780430872
15.999999999999996, 3.3670304684744603
17.999999999999996, 3.363067616324082
19.999999999999996, 3.361453847171132
21.999999999999996, 3.362552556839963
23.999999999999996, 3.3635330971747748
25.99999999999999, 3.3577003029471673
27.999999999999996, 3.350399667067831
29.999999999999996, 3.350748027474096
32, 3.348191333744569
34, 3.3419842417322054
36, 3.341726613701543
38, 3.3405743093499214
40, 3.3341519001996347
41.999999999999986, 3.3273387951396427
44, 3.323689868731656
45.999999999999986, 3.323948745328175
48, 3.325268764280039
50, 3.3234735285176344
52, 3.317445419546743
54, 3.3134352104616402
56, 3.3126152844117076
57.999999999999986, 3.3126159294976594
60, 3.312605056502385
62, 3.312637540202379
64, 3.3128843294123174
66, 3.3120066105813684
67.99999999999999, 3.3099148450820772
70, 3.308017840561877
72, 3.3060378059498063
74, 3.304113340682667
76, 3.303590925849038
78.00000000000001, 3.304002776741028
80.00000000000001, 3.304086413773996
82, 3.3028192956737996
83.99999999999999, 3.300596742639122
86, 3.298566571135382
87.99999999999997, 3.2976804112851266
90, 3.2980954197931047
91.99999999999999, 3.2986976466861417
94, 3.296273974592401
95.99999999999999, 3.2923081042935123
98, 3.291727115382978
99.99999999999999, 3.2923689209483653
102, 3.2922405269681216
103.99999999999999, 3.292106256614053
106, 3.2923058105931604
107.99999999999999, 3.292367675847764
109.99999999999999, 3.291061012714112
112.00000000000001, 3.2887934372988643
114.00000000000001, 3.2867892332668265
116.00000000000001, 3.28606978016699
118.00000000000001, 3.2864309555196605
120.00000000000001, 3.286702829464009
122.00000000000004, 3.2853593176264866
123.99999999999999, 3.2834370036482117
126.00000000000001, 3.2832551190910513
128, 3.2834824019988957
130, 3.283434061145856
132, 3.2837269283546706
134, 3.2829062396429607
136, 3.2808383121163414
138, 3.2800037336347923
140, 3.2808992513043593
142, 3.281285650418085
144, 3.2765440681375093
146, 3.271295551503017
148, 3.2713104875949033
150, 3.272026445102149
152, 3.2717602848901706
154, 3.271733155333272
156, 3.271793060450107
158, 3.2717760979692327
160.00000000000003, 3.2717730123295303
162, 3.2717742938442487
164, 3.271773723839611
165.99999999999997, 3.2717913915289154
168, 3.2717510141457584
170, 3.271734056044748
172, 3.2719886153018547
174, 3.271543342476645
176, 3.2696461773419547
178, 3.267328148393758
180.00000000000003, 3.265849252477573
181.99999999999997, 3.2658092838091104
184, 3.2659998667313994
186.00000000000003, 3.2659371699493485
188, 3.2659268360257623
190, 3.265942457939788
192, 3.265938603362362
194.00000000000003, 3.2659374903452454
196.00000000000003, 3.2659380971433523
198, 3.2659378121607494
199.99999999999997, 3.2659411929421966
202.00000000000003, 3.265934287399565
204, 3.265929231749129
206.00000000000003, 3.2659775785025724
207.99999999999997, 3.265905353553628
210, 3.265790411788972
212.00000000000003, 3.266426294861168
214, 3.2657629408068094
215.99999999999997, 3.261779611267651
218.00000000000003, 3.259365073832195
220, 3.2600627934136006
222, 3.260855935134667
224, 3.258668439340089
226, 3.2546078827056144
228.00000000000003, 3.2537377479164302
229.99999999999997, 3.2543992254079193
232.00000000000003, 3.2543097244481483
234, 3.254222344956287
235.99999999999997, 3.2542713623489377
237.99999999999997, 3.254268574089665
240.00000000000003, 3.2542609147268924
241.99999999999997, 3.254263874977936
243.99999999999991, 3.2542628685649873
246.00000000000003, 3.2542674099322464
247.99999999999997, 3.254263266554282
249.99999999999997, 3.2542441639317623
251.99999999999991, 3.2543089513785075
253.99999999999997, 3.2542834171502606
255.99999999999997, 3.2533718154010356
258, 3.249339995682862
260.00000000000006, 3.2433611630202455
262, 3.241214843266297
264, 3.2435924352834222
266, 3.2476685644685905
268, 3.2489730573305455
270, 3.248344408901443
272, 3.2483534387198074
274, 3.248467219383436
276, 3.248423588303144
278.00000000000006, 3.248419358295597
279.99999999999994, 3.2484304711362326
282, 3.248426701551244
284, 3.2484199441020323
286, 3.2484389269432534
288, 3.248435561287282
290, 3.2483445817985155
292.00000000000006, 3.2485545769551414
294.00000000000006, 3.248627452362238
296, 3.2469785513321185
297.99999999999994, 3.2452834234707306
300, 3.2453269211658444
302, 3.245794911375526
303.99999999999994, 3.2453665152474698
305.99999999999994, 3.243910385581833
308, 3.2436706273601015
310, 3.243521204262392
312, 3.2409125419483926
314, 3.2392488359370883
316, 3.2396369453033875
318, 3.23976280053882
320, 3.239642806981374
322, 3.2396643636926195
324.00000000000006, 3.2396780549091915
326, 3.2396689208487066
328, 3.2396698532173325
330, 3.239671270470136
332, 3.2396704619893697
334, 3.2396702633822114
336, 3.239671611424891
338, 3.2396702218890976
340, 3.2396663471394227
342, 3.239681947165091
344, 3.2396717509555413
346.00000000000006, 3.2396091898823576
348, 3.2397986151833877
350, 3.239760203841562
352, 3.2382869679808053
354, 3.23596095223533
356, 3.234059647385713
358, 3.2336623066314565
359.99999999999994, 3.2338267603249804
362.00000000000006, 3.233720892073159
363.99999999999994, 3.2343559729572107
366, 3.2334716846633214
367.99999999999994, 3.2293720064510696
370, 3.227365649558786
372.00000000000006, 3.2280171423614124
374, 3.2281089599285724
376, 3.227952020819152
378, 3.2279929158804435
380, 3.2280056667761285
381.99999999999994, 3.2279932083795044
384.00000000000006, 3.2279954994199205
386, 3.227996916942471
388, 3.2279959286631756
390, 3.2279960070210847
392, 3.2279964054226786
394, 3.2279959231809245
396.00000000000006, 3.227995341803419
397.99999999999994, 3.22799882802797
400, 3.2279949386908746
402, 3.227984169047767
404, 3.228028332134906
406.00000000000006, 3.227998352559511
407.99999999999994, 3.2278233487161554
409.99999999999994, 3.228361318067725
412.00000000000006, 3.2282377623396945
414.00000000000006, 3.2245150621063576
416, 3.2217273135825324
417.99999999999994, 3.2221420754923864
420, 3.2211212375988505
422, 3.218642631116756
423.99999999999994, 3.216664108785613
426, 3.21610787416561
428.00000000000006, 3.2163479012662837
430, 3.2163525705972313
432, 3.216305971413909
433.99999999999994, 3.216322246497607
435.99999999999994, 3.2163244163618674
438, 3.2163205382758506
439.99999999999994, 3.216321567391849
441.99999999999994, 3.216321897414112
444.00000000000006, 3.216321528443012
446, 3.216321586484245
447.99999999999994, 3.2163219468695763
450, 3.216321235686318
451.99999999999994, 3.216320848434481
454, 3.216325373799938
455.9999999999999, 3.2163181324016725
458, 3.2163083171872793
460.00000000000006, 3.2163683365395563
462, 3.2162997023401485
464, 3.21611659082175
466, 3.216881356997909
468, 3.2163430818696543
470.00000000000006, 3.2114318945811373
471.99999999999994, 3.2083684444456204
473.99999999999994, 3.208987061670616
476.00000000000006, 3.208338721071979
477.99999999999994, 3.2073840010673145
479.99999999999994, 3.2075128434320366
482, 3.2076183757786865
484, 3.2075551715736164
486, 3.2075598860190353
487.99999999999994, 3.2075697939257006
490, 3.20756526302406
492.00000000000006, 3.207565200148833
494.00000000000006, 3.207566070170835
496.00000000000006, 3.207565761600255
497.99999999999994, 3.2075657216981464
500.00000000000006, 3.207565798339962
502.00000000000017, 3.2075657767303674
503.99999999999994, 3.207565753063951
506.00000000000017, 3.2075658086218564
508.00000000000006, 3.2075658060493257
510.00000000000006, 3.207565541586836
512, 3.2075661062630267
514, 3.2075664053935786
516, 3.2075627397152484
518, 3.2075687080497635
519.9999999999999, 3.207576472849371
522, 3.207527705777752
523.9999999999999, 3.2075847123597345
526, 3.207731098243414
528, 3.2071082517688887
530, 3.2075621999304795
532, 3.2115297891317622
534, 3.2137983114471265
536, 3.2110107082776422
538, 3.2048810715296194
540, 3.2010302011536833
542, 3.2015330681521066
544, 3.201927966425978
546, 3.2016875047285684
548.0000000000001, 3.2017065583695983
550, 3.2017438038727053
551.9999999999999, 3.2017265182875123
554.0000000000001, 3.201726370734907
555.9999999999999, 3.201729667904484
558, 3.2017284716695276
560, 3.201728273955682
561.9999999999999, 3.201728761674395
564, 3.2017285750802005
566, 3.2017276400560606
568, 3.2017302218591484
570, 3.2017300698029842
572.0000000000001, 3.2017166528589818
574, 3.2017457681987684
576.0000000000001, 3.201760154734203
578, 3.20157328195604
579.9999999999999, 3.2018826595032
582.0000000000001, 3.202268682310702
584, 3.1993392144857156
586.0000000000001, 3.195676894104033
588, 3.195571166139186
590, 3.19593882112928
592, 3.1958932767793846
593.9999999999999, 3.196486026021677
596, 3.1943740193397163
598.0000000000001, 3.1903059050179734
600, 3.1895365279098042
602, 3.190200560620822
604.0000000000001, 3.1900934443180673
606, 3.190012697387464
608, 3.190062759893607
609.9999999999999, 3.1900586456869435
612, 3.19005033537474
614.0000000000001, 3.190054888470052
615.9999999999999, 3.190056552899807
618, 3.1900471937240447
619.9999999999999, 3.1900559984712027
622, 3.190085181924644
624, 3.1899761021680604
626, 3.190035743768057
628.0000000000001, 3.190496740636925
630, 3.1891867967749135
631.9999999999999, 3.1892992318573343
633.9999999999999, 3.197076503557399
636.0000000000001, 3.1908757745892258
638, 3.1863134056839044
640, 3.2590287938066913
642, 3.323060815627737
643.9999999999999, 3.3120650718839406
646.0000000000001, 3.36964757233172
648, 3.4550081340532146
650, 3.454823107331248
652.0000000000001, 3.4472341841799277
654, 3.4615998472233698
655.9999999999999, 3.4653935281606074
658, 3.463961380286333
659.9999999999999, 3.464342511165478
662.0000000000001, 3.464741548675579
663.9999999999999, 3.4639540913842297
666, 3.463869436421335
668, 3.468950731508698
669.9999999999999, 3.473942727456486
672, 3.473742143239231
674, 3.4715946255918304
676, 3.4701183616849187
678, 3.4701287614091427
680, 3.470275592075776
682, 3.470248271597929
684, 3.470380825728952
686, 3.4698648065735656
688, 3.4701646113546314
690, 3.4723854559515686
692, 3.465369699973264
694, 3.442355953324304
696, 3.4080901896990468
697.9999999999999, 3.3773250154478855
700, 3.354072930658381
701.9999999999999, 3.323836997156783
704, 3.3102415128530196
706, 3.316808563086107
707.9999999999999, 3.2715084553870266
710, 3.2125119551135333
712, 3.2114632255159647
714, 3.2159667093536064
716, 3.2074779382114778
717.9999999999999, 3.207014954087843
720.0000000000001, 3.206452576120846
722.0000000000001, 3.202001717138676
724, 3.2009558026629747
725.9999999999999, 3.2021996307158704
728, 3.2021247055427846
729.9999999999999, 3.198575319528576
732.0000000000001, 3.195440318691051
733.9999999999999, 3.1956738786037473
736, 3.1960543473885923
738.0000000000001, 3.195865086203671
740, 3.1958553391199382
742, 3.1959501921532025
744.0000000000001, 3.1958740075324745
746, 3.19567259937217
748, 3.1964501555549067
750, 3.1959866341801053
752, 3.192789358531486
754.0000000000001, 3.2027822113205016
755.9999999999999, 3.225471067250876
758, 3.24050167544673
760, 3.2647090755263948
761.9999999999999, 3.3046037431306883
763.9999999999999, 3.3299371474178887
766, 3.3316229683444267
768, 3.3303244115789856
770.0000000000001, 3.376047048286432
772, 3.430249603570159
774, 3.4345823337448254
776, 3.437830738761405
778, 3.452954474745263
780, 3.4553541918884108
782.0000000000001, 3.45004803231798
784, 3.449317403506311
785.9999999999999, 3.4607329574789363
788, 3.46842335435604
790, 3.4650590315084355
792, 3.463661375069955
794, 3.4645697743168813
795.9999999999999, 3.4644813445865323
798, 3.464345898540513
800.0000000000001, 3.464414127687624
801.9999999999999, 3.4644167717006087
804, 3.4643850702307932
806, 3.464410577606456
807.9999999999999, 3.4644743683444905
810, 3.464223744914915
811.9999999999999, 3.464379384160785
814, 3.465396905080345
816.0000000000001, 3.4623738024991564
818, 3.4628837170995377
820, 3.478021335658227
822, 3.441978245582121
823.9999999999999, 3.3486712838256505
826.0000000000001, 3.3151886802304587
828.0000000000001, 3.335963740257051
829.9999999999999, 3.3422058372728602
832, 3.278359558511306
834, 3.2052695079067703
836.0000000000001, 3.202616012299841
838.0000000000001, 3.2062976955962603
839.9999999999999, 3.1957207983311564
842.0000000000001, 3.195743937144122
843.9999999999999, 3.193149651577773
846, 3.184618867131358
848, 3.1833286701881662
850, 3.184094399921212
852, 3.181783952823797
854, 3.1793511208601832
856, 3.1782251413153015
858, 3.1783080570714484
860, 3.1784458963548206
862, 3.178359177712282
863.9999999999999, 3.178321106003192
866.0000000000001, 3.1785580196479435
868, 3.1783078208672606
870, 3.17660660435326
872, 3.174107638257976
874, 3.1725472096623415
876, 3.1730245027815553
878.0000000000001, 3.171123105432688
880, 3.167001347390634
882, 3.1664713578927204
884, 3.1663288452371283
886, 3.1641514093325296
888, 3.1634515612614016
890, 3.1638508191416954
892.0000000000001, 3.163825286089054
893.9999999999999, 3.1637609233022728
895.9999999999999, 3.163789464424276
898, 3.163790415022609
900, 3.16378388324984
902.0000000000001, 3.163786620699095
903.9999999999999, 3.1637902113227447
905.9999999999999, 3.163778192637421
907.9999999999999, 3.163783382931283
910, 3.163834822393545
912.0000000000001, 3.163697559006746
914.0000000000001, 3.163692645485644
915.9999999999999, 3.164438877241695
918, 3.162859535930834
920, 3.1586273634990234
922, 3.1579138488341245
924, 3.157519659851995
926, 3.1533624445764508
927.9999999999999, 3.15144039801283
930, 3.152164923510216
931.9999999999999, 3.1522206851348185
934, 3.1520638447793083
936, 3.152111239235847
938, 3.1521213919245157
940, 3.1521086707124666
942.0000000000001, 3.1521115060731666
944.0000000000001, 3.152112732911865
946.0000000000001, 3.1521117433765693
947.9999999999999, 3.1521118891067474
950, 3.1521120145286043
952.0000000000001, 3.1521119416058934
953.9999999999999, 3.1521119476145705
956, 3.1521119521392262
958, 3.152111956617919
959.9999999999999, 3.152111975716468
962, 3.1521118828270027
964, 3.15211196735703
966, 3.1521122976541793
968, 3.1521111277760343
970, 3.152111670994907
971.9999999999999, 3.152116814563164
974.0000000000001, 3.152102881087494
976, 3.1521027864956666
978.0000000000001, 3.152177698686263
979.9999999999999, 3.1520204413858255
981.9999999999999, 3.1519297749896684
983.9999999999999, 3.15296715195737
986.0000000000001, 3.1512973686552463
988, 3.1450808915775506
989.9999999999999, 3.1424173222877814
992, 3.1434346352059017
993.9999999999999, 3.143506354484224
996, 3.143288667870411
998, 3.143355488476487
1000.0000000000001, 3.1433691726787374
1001.9999999999999, 3.143351472289891
1004, 3.1433554947594406
1006, 3.1433571704979086
1007.9999999999997, 3.1433557903173854
1009.9999999999999, 3.143355999501298
1011.9999999999999, 3.143356172749145
1013.9999999999999, 3.143356069400302
1015.9999999999999, 3.1433560769441393
1017.9999999999999, 3.143356093492643
1019.9999999999999, 3.1433560856739997
1022.0000000000001, 3.1433560847686914
1023.9999999999997, 3.1433560901498447
1026, 3.1433560859715706
1028, 3.1433560721850635
1030, 3.143356121710082
1032, 3.143356097480374
1034, 3.143355882826954
1036.0000000000002, 3.143356472852163
1038, 3.143356459888051
1040, 3.1433533235629256
1042, 3.143360005480777
1044, 3.143363611286111
1046.0000000000002, 3.1433200658213867
1048, 3.1433906603376682
1050, 3.1434834887732954
1052, 3.1429045154126007
1054.0000000000002, 3.1435789294499177
1056, 3.1473904818639205
1058.0000000000002, 3.150590303876347
1060, 3.1492072530528814
1062, 3.1419079286076417
1064, 3.1348636156322565
1066, 3.1318135233527373
1068.0000000000002, 3.1314305082402054
1070, 3.1317513281980682
1072, 3.1317013161752287
1074, 3.1316616163800752
1076, 3.1316856870694596
1078, 3.1316838084637597
1079.9999999999998, 3.1316800686619195
1081.9999999999998, 3.1316817976186426
1084, 3.13168181448983
1086, 3.1316814854076607
1088, 3.131681603331585
1090, 3.131681617507479
1092, 3.1316815900284714
1094, 3.131681597530807
1096, 3.1316815996248124
1098, 3.1316815974345413
1100, 3.1316815978640316
1101.9999999999998, 3.1316815980744734
1104, 3.131681597961238
1106, 3.131681598009133
1108, 3.1316815976778685
1110, 3.131681598249983
1112.0000000000002, 3.1316815989876856
1113.9999999999998, 3.1316815942644545
1115.9999999999998, 3.1316815998766936
1118.0000000000002, 3.1316816138882047
1120, 3.1316815534321907
1122.0000000000002, 3.131681598616009
1123.9999999999998, 3.1316818299292826
1126, 3.1316810883279924
1128, 3.1316813126374012
1130, 3.1316848197452547
1132, 3.1316761441726233
1133.9999999999998, 3.1316744578553095
1135.9999999999998, 3.1317245596107854
1137.9999999999998, 3.1316288434119515
1140, 3.1315499235281923
1142, 3.1322327754501855
1144, 3.131252426326303
1146, 3.1271331558267925
1148, 3.1252153424670066
1150, 3.125877588969244
1152.0000000000002, 3.125952387245898
1154, 3.125799899232664
1156, 3.1258422311734244
1158, 3.125853582558566
1159.9999999999998, 3.1258413721601053
1162, 3.1258438152487282
1164, 3.125845106048051
1166, 3.1258441676811692
1168, 3.1258442843010648
1170, 3.1258444125088545
1172, 3.125844343327209
1173.9999999999998, 3.1258443463361862
1176, 3.1258443580197754
1177.9999999999998, 3.125844353181307
1179.9999999999998, 3.1258443530070235
1182, 3.1258443536720173
1184, 3.1258443536123868
1186.0000000000002, 3.1258443548461363
1187.9999999999998, 3.125844350723652
1190, 3.1258443520859607
1192, 3.1258443717363678
1194, 3.1258443224063304
1196, 3.125844314342652
1198, 3.1258445960041357
1200, 3.1258440496147517
1202, 3.125843621939955
1204, 3.1258474703813466
1206, 3.1258418766994107
1208, 3.125832433345282
1210, 3.125882857496334
1212, 3.12583221991434
1214, 3.125664747965438
1216, 3.126298956943833
1218.0000000000002, 3.1259402305768496
1220, 3.1218882218259183
1222, 3.1198474493091184
1224, 3.1202615045224933
1226, 3.1157365181347334
1228, 3.1096139803565555
1230, 3.10778819016584
1232, 3.112426878701231
1234, 3.11785032173939
1235.9999999999998, 3.1180265899829296
1238, 3.114411991950412
1240, 3.1110394209159495
1241.9999999999998, 3.110935244786059
1244, 3.1114012359011047
1246, 3.1112491217466505
1248, 3.111223356581705
1250, 3.111261632286957
1252, 3.11125225975393
1254, 3.1112489086025144
1256, 3.111251921143713
1258, 3.1112514125457733
1260, 3.1112510556713038
1262.0000000000002, 3.111251283302305
1263.9999999999998, 3.1112512623985213
1266, 3.111251228299519
1267.9999999999998, 3.111251244779051
1270, 3.1112512446731357
1272, 3.111251241640716
1274, 3.1112512427767127
1275.9999999999998, 3.111251242891977
1278, 3.111251242624871
1280, 3.1112512427051016
1282, 3.1112512427723154
1284, 3.1112512426084584
1285.9999999999998, 3.111251242631981
1287.9999999999998, 3.111251243362083
1290, 3.1112512417158458
1292, 3.1112512410609896
1294, 3.111251251278075
1295.9999999999998, 3.1112512335874403
1297.9999999999998, 3.1112512139738175
1300, 3.111251351114193
1301.9999999999998, 3.111251177680016
1304, 3.1112507913457472
1306, 3.111252558208443
1307.9999999999998, 3.1112511052255867
1310, 3.1112446072364848
1311.9999999999998, 3.111266443274742
1314, 3.1112581302991194
1316, 3.111158389879464
1318, 3.1114160743772312
1320, 3.111442533982926
1321.9999999999998, 3.109570892016052
1324, 3.1082544636133345
1326, 3.1085701440691547
1327.9999999999998, 3.1064421921800944
1330, 3.1036582557351506
1331.9999999999998, 3.1035697008416365
1334, 3.1046653039973133
1336, 3.1054381217962823
1338.0000000000002, 3.1054074958769387
1340, 3.10559460201316
1342, 3.105444447140893
1344, 3.1035243849246386
1346, 3.1021993111983726
1348.0000000000002, 3.102449572417708
1350, 3.1025675365128267
1352, 3.1024766397357055
1353.9999999999998, 3.102489130588585
1356.0000000000002, 3.1025010634500507
1357.9999999999998, 3.1024943126232283
1360, 3.1024947040710282
1361.9999999999998, 3.1024958073944
1364, 3.1024953280686174
1366.0000000000002, 3.1024953118407734
1368, 3.1024954075954576
1370.0000000000002, 3.102495375381704
1372, 3.102495370455721
1374, 3.102495378361653
1376, 3.1024953763552974
1378.0000000000002, 3.102495375691398
1380.0000000000002, 3.1024953763167273
1381.9999999999998, 3.102495376205809
1384, 3.1024953761331258
1386, 3.10249537618225
1388, 3.1024953761785627
1390, 3.102495376160352
1392, 3.1024953761810923
1393.9999999999998, 3.1024953762069725
1396, 3.102495376057591
1398, 3.1024953762184695
1400, 3.102495376690695
1402, 3.1024953748062862
1403.9999999999998, 3.1024953760140717
1406, 3.1024953836244706
1408, 3.1024953607592103
1410, 3.1024953650774774
1412, 3.102495478609728
1413.9999999999998, 3.102495214557549
1415.9999999999998, 3.1024951271441306
1418, 3.102496729317365
1420, 3.1024938649914886
1422.0000000000002, 3.1024909626858377
1424, 3.102512572439914
1426, 3.102484129582183
1427.9999999999998, 3.1024253990838018
1429.9999999999998, 3.1027563338799435
1432.0000000000002, 3.1034937493120647
1434, 3.1039474485040817
1436, 3.102361607015573
1438, 3.0996968530793443
1440, 3.0991673575293044
1442, 3.099829672506114
1444, 3.0997629437249015
1446, 3.097963379075455
1448, 3.0964251151442626
1450, 3.0965567015021183
1452, 3.0967368984808825
1454, 3.0966458045284697
1456, 3.096647815250386
1458, 3.0966640085607446
1460, 3.0966576755712913
1462, 3.0966571775145795
1464, 3.096658552537123
1466, 3.096658138710993
1468, 3.0966580490419835
1469.9999999999998, 3.096658160498088
1472, 3.096658135781345
1474, 3.096658124981423
1476, 3.096658133646728
1478, 3.0966581323805733
1480, 3.096658131273974
1482, 3.096658131920192
1484, 3.096658131876115
1486, 3.0966581317762363
1488, 3.0966581318179207
1490, 3.096658131810039
1492, 3.096658131844369
1494, 3.0966581318085953
1496, 3.0966581316560124
1498, 3.096658132194896
1500, 3.0966581319480717
1502, 3.0966581295684845
1504, 3.096658135990508
1506, 3.0966581360819623
1508, 3.096658101453001
1510, 3.096658173870037
1512, 3.0966582163178513
1514, 3.0966577371005855
1516, 3.0966584976344063
1517.9999999999998, 3.0966595506298504
1520, 3.0966531978812797
1521.9999999999998, 3.096660379516131
1524, 3.0966799216296166
1526, 3.096599072010254
1528, 3.096654937399973
1530.0000000000002, 3.0969733643674573
1532, 3.0959203521654763
1534, 3.093883863751192
1535.9999999999998, 3.0934938536643855
1538, 3.093784163623386
1540, 3.0937225561717354
1542, 3.093935902165114
1544, 3.093478741481177
1545.9999999999998, 3.0915534183573654
1548, 3.089237204292669
1550, 3.087797327871297
1552.0000000000002, 3.087781526922535
1554, 3.0879638710677733
1556, 3.087899728541058
1557.9999999999998, 3.087891417994301
1560, 3.087906592869948
1561.9999999999998, 3.087902536680292
1563.9999999999998, 3.087901344672002
1566, 3.0879025532348763
1568, 3.087902323185206
1570.0000000000002, 3.087902190630086
1572.0000000000002, 3.0879022830223977
1573.9999999999998, 3.0879022724618324
1576.0000000000002, 3.0879022594633097
1577.9999999999998, 3.08790226623742
1580, 3.087902266019154
1582, 3.08790226484231
1584, 3.087902265316054
1586.0000000000002, 3.087902265347112
1587.9999999999998, 3.08790226524703
1590, 3.087902265277932
1592.0000000000002, 3.0879022652824215
1593.9999999999998, 3.0879022652795434
1596, 3.0879022652800017
1598, 3.087902265255287
1600.0000000000002, 3.0879022653165373
1601.9999999999998, 3.087902265331111
1603.9999999999998, 3.087902264968554
1606, 3.087902265648005
1608, 3.087902266244863
1610.0000000000002, 3.087902261317735
1612, 3.087902268187154
1613.9999999999998, 3.0879022808388155
1615.9999999999998, 3.0879022166188
1617.9999999999998, 3.0879022774695093
1620.0000000000002, 3.0879024978657794
1622, 3.087901694485202
1624.0000000000002, 3.0879021030956704
1626, 3.0879055625487406
1628, 3.0878959490681432
1630, 3.0878963637563346
1632, 3.0879470365274493
1634.0000000000002, 3.0878378906217483
1635.9999999999998, 3.0877819367138444
1638, 3.0884868708084747
1640, 3.087317182553195
1641.9999999999998, 3.0831432343113034
1644, 3.0815610746569266
1646, 3.0820600915950846
1647.9999999999998, 3.0805969495504195
1650.0000000000002, 3.0768552847185826
1651.9999999999998, 3.0733065305993854
1654, 3.0729233044392035
1656, 3.0734635799320067
1657.9999999999998, 3.0733350733641873
1660.0000000000002, 3.0731634010435966
1661.9999999999998, 3.073510723704774
1664, 3.073566476814489
1666, 3.0717828829448814
1667.9999999999998, 3.07519584596728
1670.0000000000002, 3.0810811102381432
1672, 3.067886188766914
1674, 3.088226697571144
1676, 3.178086058185773
1678.0000000000002, 3.2243461369344257
1680, 3.2060418782547497
1681.9999999999998, 3.192399693586452
1684, 3.2535257138126146
1685.9999999999998, 3.3479267724488224
1688.0000000000002, 3.3612194121945005
1690.0000000000002, 3.3482774811695992
1692, 3.3553526624518786
1694.0000000000002, 3.357884040319219
1696, 3.3560485720074875
1698.0000000000002, 3.356267750830643
1700, 3.356590688944665
1701.9999999999998, 3.3563346661342757
1704.0000000000002, 3.356191661672306
1706, 3.357408929512518
1708.0000000000002, 3.3595601496052185
1710.0000000000002, 3.361476173049042
1711.9999999999998, 3.3632231740551104
1714, 3.365186879180693
1715.9999999999998, 3.367385518740178
1718, 3.3681769146429574
1719.9999999999998, 3.3680354994082116
1721.9999999999998, 3.3689754098970006
1724, 3.36649619248912
1725.9999999999998, 3.366048175526721
1728.0000000000002, 3.380632519461077
1730, 3.3518859439773188
1731.9999999999998, 3.2659991047796506
1733.9999999999998, 3.239085017686835
1735.9999999999998, 3.2476205744641535
1738.0000000000002, 3.226960533539767
1740, 3.226779001711131
1742.0000000000002, 3.2164655925481895
1743.9999999999998, 3.139014636306775
1746, 3.09175290699917
1748, 3.0992311822479515
1750, 3.0981253271934484
1752.0000000000002, 3.091973705994048
1754, 3.0909298887415346
1755.9999999999998, 3.089257500632509
1758, 3.087571565624359
1760, 3.087690077480723
1762.0000000000002, 3.0885749967737035
1763.9999999999998, 3.08726395322671
1765.9999999999998, 3.083090285835153
1767.9999999999998, 3.081571332060277
1770, 3.0820570123785043
1772, 3.080563634015006
1773.9999999999998, 3.076810809427695
1775.9999999999995, 3.0732835314703464
1778.0000000000002, 3.0729082786960404
1780, 3.0735155255990296
1782.0000000000002, 3.0733571388698446
1783.9999999999998, 3.0728512062296502
1785.9999999999998, 3.074061279093095
1788, 3.074219207026448
1789.9999999999998, 3.06843606023624
1792, 3.0900917334879305
1794, 3.1411433383496363
1796, 3.146831126854153
1798.0000000000002, 3.1560313900967647
1799.9999999999998, 3.2239006744102876
1802, 3.245713446294217
1804, 3.2444516815845947
1806.0000000000002, 3.3037612731527486
1808, 3.3398412852023225
1809.9999999999998, 3.3331542490633717
1812.0000000000002, 3.3425961092626104
1814, 3.3528079004210647
1815.9999999999998, 3.350867375611571
1818, 3.3513501236490475
1819.9999999999998, 3.354394333864282
1822, 3.3562130968816484
1823.9999999999998, 3.356585612983647
1826, 3.356384666341771
1827.9999999999998, 3.356395324668182
1829.9999999999998, 3.3564272082420574
1831.9999999999998, 3.3564148355247205
1833.9999999999998, 3.3564184285349317
1836, 3.356402292639803
1838, 3.3564168592313375
1839.9999999999998, 3.3564868946609927
1842, 3.356252221573791
1844, 3.3563400282507163
1846.0000000000002, 3.3574162262714626
1848, 3.3546461356859085
1850.0000000000002, 3.354340273612787
1852, 3.369842211623555
1853.9999999999998, 3.338288063299821
1856, 3.2463462816527184
1858, 3.216418220788582
1860, 3.228445197317724
1862, 3.2193427542732533
1863.9999999999995, 3.2290423865072575
1866, 3.2150785472846772
1868, 3.120582826837987
1870.0000000000002, 3.067537988324191
1871.9999999999998, 3.08165597073947
1873.9999999999995, 3.0829808457748618
1875.9999999999998, 3.0781951725012644
1878, 3.0792066063884116
1880, 3.076115213947743
1882.0000000000002, 3.0727057180319957
1884, 3.073099747166699
1885.9999999999998, 3.07353352038539
1888, 3.0732296847700638
1890, 3.073147977461381
1892, 3.0738557143106173
1893.9999999999998, 3.072974367209084
1895.9999999999998, 3.0688838359466444
1898, 3.066843925783954
1900, 3.0674868348451905
1902, 3.0675864831962136
1904, 3.0674281867968434
1906, 3.067468178234971
1908, 3.0674815857744204
1910.0000000000002, 3.06746896321426
1911.9999999999998, 3.0674711598581776
1914.0000000000002, 3.0674732298207865
1916, 3.0674710142045973
1918, 3.0674702571249743
1920, 3.067479014174836
1921.9999999999998, 3.06746579135091
1924, 3.0674458514286265
1926, 3.067559504355126
1927.9999999999998, 3.0674375236349753
1930.0000000000002, 3.067075363616175
1931.9999999999998, 3.068513986085132
1934, 3.067601181315792
1936, 3.0581143800292723
1938, 3.0510567275693043
1940, 3.052406264027304
1942, 3.0566108094593387
1944.0000000000002, 3.059144170752123
1946, 3.0588547972772346
1947.9999999999998, 3.05858742119964
1950.0000000000002, 3.0587404933931572
1951.9999999999998, 3.058731074660333
1954, 3.05870627513657
1956.0000000000002, 3.058717165940325
1958, 3.058717487618838
1960, 3.0587153309002715
1961.9999999999998, 3.0587160642280886
1964, 3.0587161698039442
1965.9999999999998, 3.058715999277147
1968.0000000000002, 3.0587160417828967
1970, 3.058716020992406
1971.9999999999998, 3.0587161010211497
1974, 3.0587161083717347
1976, 3.058715594899581
1978.0000000000002, 3.0587166510088335
1980, 3.058717321146134
1982, 3.0587102164795694
1984.0000000000002, 3.058721251146873
1985.9999999999995, 3.0587373253013808
1988, 3.0586434177273296
1989.9999999999998, 3.058746587112045
1991.9999999999998, 3.059041256181113
1994, 3.0577312211670677
1995.9999999999995, 3.055813026535076
1998, 3.055877327081528
2000, 3.0551653251306576
2001.9999999999998, 3.0530528372097376
2004, 3.052534600672177
2006, 3.0530518122074852
2008.0000000000002, 3.0530483239215322
2009.9999999999998, 3.051672057919994
2012.0000000000002, 3.049407918841266
2014, 3.047410532840415
2016, 3.046813825819165
2018, 3.047068745491292
2019.9999999999998, 3.0470748179556684
2022, 3.047024892088195
2023.9999999999998, 3.047042130321621
2025.9999999999998, 3.047044528923674
2028.0000000000002, 3.047040389229297
2030, 3.0470414719497585
2032.0000000000002, 3.0470418008165607
2034.0000000000002, 3.0470414877069874
2036.0000000000002, 3.047041548857669
2038.0000000000002, 3.0470415007142795
2039.9999999999998, 3.047041652589256
2042.0000000000002, 3.0470417607363456
2044.0000000000002, 3.0470405897377035
2045.9999999999998, 3.0470424438347794
2047.9999999999998, 3.0470450405132747
2050, 3.0470294793962305
2051.9999999999995, 3.0470469695695392
2054, 3.047095035736942
2055.9999999999995, 3.046897109127812
2058, 3.047032598950754
2060, 3.0478146797494072
2062, 3.045236591119957
2064, 3.0401321157099574
2065.9999999999995, 3.0389211501537927
2068, 3.04021064558999
2070, 3.041133346677222
2071.9999999999995, 3.0411384062596287
2074, 3.0413704823623307
2076, 3.04169907781499
2078, 3.0386693962800564
2080, 3.035081403103319
2082, 3.0350343003537996
2084.0000000000005, 3.035536216394645
2085.9999999999995, 3.0353603292457256
2088, 3.0353371983675075
2090, 3.0353789407112104
2091.9999999999995, 3.035367831643726
2094, 3.03536452860397
2096, 3.0353678638317767
2098, 3.035367235015903
2100, 3.0353668001758165
2101.9999999999995, 3.035367199784204
2103.9999999999995, 3.035367252483208
2106, 3.0353662606978884
2108, 3.0353678156760435
2110, 3.0353698786808128
2112.0000000000005, 3.0353571806277904
2114, 3.0353717724199
2115.9999999999995, 3.03541036081499
2118, 3.0352485162684113
2120, 3.0353633511126796
2122.0000000000005, 3.0359947802112726
2124, 3.0338793698871203
2126, 3.029809458022126
2128, 3.0290084566254585
2130, 3.0296734624047765
2132, 3.0295712754342827
2133.9999999999995, 3.029488380584542
2136, 3.0295382142147225
2138.0000000000005, 3.029534444155411
2140, 3.0295266535571868
2142, 3.029530228137115
2144, 3.0295302732091756
2145.9999999999995, 3.029529588662149
2148, 3.0295298322267863
2150, 3.029529863072799
2152.0000000000005, 3.0295298035974576
2154, 3.0295298202533987
2155.9999999999995, 3.0295298350642996
2158, 3.0295298017052184
2160, 3.0295298036182507
2162, 3.0295299563934552
2163.9999999999995, 3.029529629279979
2166, 3.0295294587618953
2168, 3.0295315758351276
2170, 3.0295281157254115
2172.0000000000005, 3.0295236565880823
2174, 3.029551836495127
2176.0000000000005, 3.0295187319139236
2177.9999999999995, 3.029434459255224
2179.9999999999995, 3.029794560738539
2182, 3.029530057909427
2184, 3.027359259242056
2186, 3.026807108238382
2188.0000000000005, 3.027646546717781
2190, 3.025422539534395
2192, 3.0232886358047613
2194, 3.023580537913795
2196, 3.0238075960661996
2198, 3.0236688088711787
2199.9999999999995, 3.0236799525826688
2202, 3.023701389700487
2203.9999999999995, 3.0236914080896584
2206, 3.023691337382102
2207.9999999999995, 3.023693226124484
2209.9999999999995, 3.023692544885122
2212, 3.023692467661643
2213.9999999999995, 3.0236926170324057
2216, 3.0236925780900434
2218, 3.023692602930357
2220, 3.023692512321821
2222.0000000000005, 3.0236925164446746
2224, 3.0236930547235183
2226, 3.0236918806189412
2228, 3.0236913093907507
2230.0000000000005, 3.023698831105704
2232, 3.0236863312594666
2233.9999999999995, 3.023670883861321
2236, 3.023771245282532
2238, 3.0236507865111983
2240, 3.023355594921312
2242, 3.0246410732072655
2244, 3.0236647433248782
2246, 3.0155883863665416
2248, 3.0113719201415123
2250, 3.013141625072154
2252, 3.0111581783855326
2254, 3.0085339110363667
2256, 3.008870809721371
2258, 3.009836310536067
2260, 3.0083002514378427
2262, 3.0041465204392575
2264, 3.002661376170422
2266.0000000000005, 3.0033445730857466
2267.9999999999995, 3.0033457090775335
2270, 3.0032178555821445
2272, 3.0032646742621916
2274.0000000000005, 3.003269773862892
2276, 3.0032591535044295
2277.9999999999995, 3.0032620983040297
2280, 3.0032624659461153
2282, 3.003262806465193
2284, 3.0032628695822225
2286, 3.0032567587503505
2287.9999999999995, 3.0032703949643027
2290.0000000000005, 3.003276578889542
2292, 3.0031899205920483
2294, 3.0033363305409218
2296, 3.0035097241620434
2298, 3.001899009329685
2300, 2.9966034874565275
2302, 2.9883365887206814
2304, 2.9846297364880168
2306.0000000000005, 2.9857646744678825
2307.9999999999995, 2.9861215442361497
2310, 2.985299201745397
2312, 2.9855523942758047
2314, 2.9892931802149185
2316, 2.9921320838868373
2318, 2.9917269425345014
2320, 2.991436677796884
2322, 2.991620196114179
2324.0000000000005, 2.9916037739470145
2326, 2.991576109574225
2328, 2.9915893766467163
2330, 2.991589325730013
2332, 2.9915868804402383
2334.0000000000005, 2.9915877828321813
2336, 2.9915878439693895
2338.0000000000005, 2.991587760910638
2340, 2.9915877483504874
2342, 2.9915872493021585
2344, 2.9915887196423525
2345.9999999999995, 2.9915885446329162
2348.0000000000005, 2.9915809490839225
2350.0000000000005, 2.9915979826500374
2352, 2.991605068609717
2354, 2.9914985978916917
2356, 2.9916814235601903
2358, 2.9918887577202122
2359.9999999999995, 2.9902296982340366
2361.9999999999995, 2.988630864282494
2364, 2.989808527995723
2365.9999999999995, 2.991316501842683
2368, 2.9900689004577305
2370, 2.9850620299722506
2372, 2.98210666966386
2374, 2.9827634458983647
2376, 2.982993938167851
2378, 2.982784389845961
2380.0000000000005, 2.982820190891516
2381.9999999999995, 2.9828451066914106
2384, 2.9828287097732327
2386, 2.982829803641579
2388, 2.982835957696886
2389.9999999999995, 2.9828291448842896
2392, 2.982820131655595
2394, 2.982870227380007
2396, 2.9828181859502374
2398, 2.982656125070656
2400, 2.983285792515366
2402.0000000000005, 2.982906127828515
2404, 2.9788836860206107
2405.9999999999995, 2.9767495965876316
2408, 2.9771673613378837
2410, 2.973794313694808
2412, 2.9706049099663714
2414, 2.9709696134589763
2416, 2.9713263066448845
2418, 2.9711261322827722
2420, 2.9711371994813334
2422, 2.9711704136882653
2424, 2.9711558319992184
2425.9999999999995, 2.9711544515766657
2428, 2.9711612618172065
2430, 2.9711570062995505
2432, 2.9711423918379625
2434, 2.9711916122057263
2435.9999999999995, 2.9711722902385542
2438, 2.9709497826915814
2439.9999999999995, 2.9715286706131576
2442, 2.9715797044896552
2444, 2.9672720819614393
2446, 2.9632289273604413
2448, 2.9634905669703833
2449.9999999999995, 2.9646618501928494
2452, 2.9654392877814018
2454, 2.96564783359821
2456, 2.9641665192873106
2458, 2.9623210036082464
2460, 2.9622111900955566
2462.0000000000005, 2.9624865055289975
2464, 2.96240405151778
2466, 2.9623666077867314
2468, 2.9624452071295866
2470, 2.962430581125681
2472, 2.962144997781717
2474, 2.962800928596321
2476, 2.9630284680706898
2478, 2.957931806008399
2480, 2.9531127478818986
2482.0000000000005, 2.953519538387145
2484, 2.952651881345908
2486.0000000000005, 2.9505672820968543
2488, 2.9505186927672384
2489.9999999999995, 2.9508296412436668
2492, 2.9507241491618235
2494, 2.9507076223631645
2496, 2.9507361813891637
2498, 2.9507284033772865
2500, 2.95071337466544
2502, 2.95074944750519
2504, 2.9507510742814023
2506, 2.950564104633276
2508, 2.950946062762906
2510, 2.9511918032539133
2512, 2.9480077597052667
2514, 2.9445425450861755
2516, 2.9445952280083345
2518, 2.9450482817659998
2520, 2.9448810881392853
2522, 2.9449050844099074
2524, 2.9447883005840163
2526, 2.944878562376982
2528, 2.9455031594698475
2530, 2.9434819787721147
2532.0000000000005, 2.9393888936738475
2533.9999999999995, 2.938344600010944
2536, 2.9394769873794098
2537.9999999999995, 2.939526035482797
2540, 2.93590158206622
2542, 2.932979735489123
2544, 2.933475612599759
2546, 2.93088682591305
2548, 2.9270731378299164
2550.0000000000005, 2.9269372581067787
2551.9999999999995, 2.9277973152008054
2554, 2.9273296112330245
2556, 2.9253063889614714
2558, 2.9241960057111043
2560, 2.924449176074324
2562, 2.924341638808367
2564.0000000000005, 2.9247744662417814
2566, 2.9248047911297483
2568, 2.9211030640697
2570, 2.918380046786611
2572, 2.9189072716174893
2574, 2.9158872484009097
2576, 2.9125426052767356
2578, 2.9130247684760087
2580, 2.9106518376854496
2582, 2.9067504625218143
2584, 2.9065826259389507
2586, 2.9070164007878776
2587.9999999999995, 2.9069423064496003
2590, 2.9075121907105363
2592, 2.9055616096593817
2594, 2.9014525580380157
2596, 2.9001883514327362
2597.9999999999995, 2.901889487776983
2600, 2.9020806651108604
2601.9999999999995, 2.8941287391353314
2604.0000000000005, 2.88730520589504
2606, 2.8889366228465474
2608, 2.8885348964816133
2610, 2.886420219190461
2612, 2.8868986489275716
2614, 2.8844109331635375
2615.9999999999995, 2.8806118796280447
2618, 2.880873901962898
2620, 2.8791514100952336
2622, 2.8749976224050644
2624, 2.87447233311111
2625.9999999999995, 2.8746652232641465
2628, 2.8724736633261583
2630, 2.8685492861537933
2631.9999999999995, 2.865437492055116
2634, 2.8637982352858047
2635.9999999999995, 2.860425918975282
2638, 2.856808529646283
2640, 2.855056789652575
2642, 2.8528627220771168
2644.0000000000005, 2.8515151906950034
2646, 2.852334108080615
2648, 2.8484583950961366
2650, 2.842754649101018
2652, 2.8434372022803314
2654, 2.839659359254256
2656, 2.8291235774555195
2658, 2.8232074674768866
2660, 2.822328723678391
2662, 2.820658596256871
2664, 2.8113194024783636
2665.9999999999995, 2.804147317328181
2668, 2.80673426235231
2670, 2.807870320938209
2672, 2.8040226449586876
2673.9999999999995, 2.7975087312008293
2676, 2.790478218426937
2678, 2.7866677230923442
2679.9999999999995, 2.787612248437895
2682, 2.78331087113772
2684, 2.7752650855044547
2686, 2.774871854331579
2688, 2.7735860028436443
2689.9999999999995, 2.767563275744334
2692, 2.7651439086467433
2694, 2.76274796145442
2695.9999999999995, 2.7567254267652577
2698, 2.7514539466560284
2700, 2.7473656513548947
2702.0000000000005, 2.7426462911129565
2704, 2.73632720711293
2706, 2.731602549825215
2708, 2.73056931973428
2710, 2.724568285653099
2712.0000000000005, 2.717241457625314
2714, 2.7184111467100442
2715.9999999999995, 2.712672855663543
2718, 2.70035119441522
2719.9999999999995, 2.700415670277479
2722, 2.6960356622337285
2724, 2.67921350803418
2726, 2.670768828045338
2728, 2.6707652336373653
2730, 2.669501369228304
2732, 2.65994986558988
2734, 2.6489301771294773
2736, 2.6439820741422073
2738.0000000000005, 2.6350817346144573
2740, 2.627698269956119
2742, 2.6312567176096513
2744, 2.6218938700564696
2746, 2.603830628324175
2748, 2.60452275067875
2749.9999999999995, 2.5970703741233705
2752, 2.5759510257628513
2753.9999999999995, 2.5747776699688996
2756, 2.569656903789402
2758, 2.546183305755108
2760, 2.5395636193209623
2762, 2.5372058677820264
2764, 2.5176409725487385
2766.0000000000005, 2.4983903315224127
2768, 2.485469613889013
2770, 2.472584800891147
2771.9999999999995, 2.451503096195688
2774, 2.434107494350577
2776, 2.4342681885275783
2777.9999999999995, 2.406137368272476
2780, 2.3665572998924858
2782, 2.3826665929819404
2784, 2.327934797622802
2785.9999999999995, 2.193887242776419
2788, 2.1882537825898547
2790, 2.1450313065739226
2792, 1.9565126352407523
2794, 1.915345294930831
2796, 1.897929177050285
2798, 1.7097182885610274
2800, 1.6311533146800596
2802, 1.6111878818200263
2803.9999999999995, 1.4307214412567792
2806, 1.3310346152260695
2808, 1.356804956861358
2810, 1.3356052838147727
2812, 1.4189234267032584
2813.9999999999995, 1.5496688953433568
2815.9999999999995, 1.3793033115064959
2818, 1.1404210833214266
2820, 1.078459124015136
2822, 1.0828923412799125
2823.9999999999995, 1.0676919026367462
2826, 1.0059859013244625
2828, 0.9347775069469093
2830, 0.887443272222002
2831.9999999999995, 0.8652269519946487
2834.0000000000005, 0.8059510500425939
2836, 0.7512860303951183
2837.9999999999995, 0.7991357476418002
